"Setting","Factor","First","Effect","MAX","MIN","EIR","Resistance_level","Treatment_access","Dosage","Seasonality","sum_first"
"Spread_sesonality1_EIR_5_Access_0.04_Resistance_7_Dosage_0","Fitness",0.913869867061383,"First",0.91619144652617,0.914873395316474,5,7,0.04,0,"sesonality1",1.00182659343237
"Spread_sesonality1_EIR_5_Access_0.04_Resistance_7_Dosage_0","IC50_S",0.00350683916468104,"First",0.00968632538285768,-0.00274515564461085,5,7,0.04,0,"sesonality1",1.00182659343237
"Spread_sesonality1_EIR_5_Access_0.04_Resistance_7_Dosage_0","half_life",0.0756151137251831,"First",0.0817912965729291,0.0696926745984803,5,7,0.04,0,"sesonality1",1.00182659343237
"Spread_sesonality1_EIR_5_Access_0.04_Resistance_7_Dosage_0","MKR",0.00543441385347816,"First",0.0116416118141247,-0.000812142449814313,5,7,0.04,0,"sesonality1",1.00182659343237
"Spread_sesonality1_EIR_5_Access_0.04_Resistance_7_Dosage_0","Diagnostic",0.00157376619527427,"First",0.00771348770869829,-0.00475922648115907,5,7,0.04,0,"sesonality1",1.00182659343237
"Spread_sesonality1_EIR_5_Access_0.04_Resistance_7_Dosage_0","Fitness",0.915498502749473,"Total",0.921458269192529,0.909489187922895,5,7,0.04,0,"sesonality1",0
"Spread_sesonality1_EIR_5_Access_0.04_Resistance_7_Dosage_0","IC50_S",0.00351165703455576,"Total",0.00354933524318218,0.00347350309008351,5,7,0.04,0,"sesonality1",0
"Spread_sesonality1_EIR_5_Access_0.04_Resistance_7_Dosage_0","half_life",0.0761718258145795,"Total",0.0767727979013882,0.0755603220473374,5,7,0.04,0,"sesonality1",0
"Spread_sesonality1_EIR_5_Access_0.04_Resistance_7_Dosage_0","MKR",0.00620456058402803,"Total",0.00627659622198304,0.0061331668575373,5,7,0.04,0,"sesonality1",0
"Spread_sesonality1_EIR_5_Access_0.04_Resistance_7_Dosage_0","Diagnostic",0.000938588645708638,"Total",0.000949428133630167,0.000927521906520559,5,7,0.04,0,"sesonality1",0
"Spread_sesonality1_EIR_10_Access_0.04_Resistance_7_Dosage_0","Fitness",0.949281638413923,"First",0.936376560583147,0.935356690971902,10,7,0.04,0,"sesonality1",0.985875203396752
"Spread_sesonality1_EIR_10_Access_0.04_Resistance_7_Dosage_0","IC50_S",0,"First",0.00490053655394092,-0.00741094823217906,10,7,0.04,0,"sesonality1",0.985875203396752
"Spread_sesonality1_EIR_10_Access_0.04_Resistance_7_Dosage_0","half_life",0.0507183615860773,"First",0.0561414295920582,0.043944013179422,10,7,0.04,0,"sesonality1",0.985875203396752
"Spread_sesonality1_EIR_10_Access_0.04_Resistance_7_Dosage_0","MKR",0,"First",0.00596782987311744,-0.00635335994899079,10,7,0.04,0,"sesonality1",0.985875203396752
"Spread_sesonality1_EIR_10_Access_0.04_Resistance_7_Dosage_0","Diagnostic",0,"First",0.00327009731383725,-0.00907098691350292,10,7,0.04,0,"sesonality1",0.985875203396752
"Spread_sesonality1_EIR_10_Access_0.04_Resistance_7_Dosage_0","Fitness",0.942058119801398,"Total",0.948047007479709,0.936009601621539,10,7,0.04,0,"sesonality1",0
"Spread_sesonality1_EIR_10_Access_0.04_Resistance_7_Dosage_0","IC50_S",0.00391175072337597,"Total",0.00395554717270484,0.00386735162411182,10,7,0.04,0,"sesonality1",0
"Spread_sesonality1_EIR_10_Access_0.04_Resistance_7_Dosage_0","half_life",0.0555249396723551,"Total",0.0559572000274097,0.0550921998138775,10,7,0.04,0,"sesonality1",0
"Spread_sesonality1_EIR_10_Access_0.04_Resistance_7_Dosage_0","MKR",0.00482319347289132,"Total",0.00487555775634007,0.00476817426297973,10,7,0.04,0,"sesonality1",0
"Spread_sesonality1_EIR_10_Access_0.04_Resistance_7_Dosage_0","Diagnostic",0.00395287769123539,"Total",0.0040052614333075,0.00389868448167915,10,7,0.04,0,"sesonality1",0
"Spread_sesonality1_EIR_500_Access_0.04_Resistance_7_Dosage_0","Fitness",0.936617439216437,"First",0.942386256387851,0.941509364604663,500,7,0.04,0,"sesonality1",1.00568123195839
"Spread_sesonality1_EIR_500_Access_0.04_Resistance_7_Dosage_0","IC50_S",0.00310372501561099,"First",0.00932467486789073,-0.00295171412074673,500,7,0.04,0,"sesonality1",1.00568123195839
"Spread_sesonality1_EIR_500_Access_0.04_Resistance_7_Dosage_0","half_life",0.0541502825094382,"First",0.0605843379693216,0.0484226802768318,500,7,0.04,0,"sesonality1",1.00568123195839
"Spread_sesonality1_EIR_500_Access_0.04_Resistance_7_Dosage_0","MKR",0.00375305780520639,"First",0.010002473205446,-0.00225355516691202,500,7,0.04,0,"sesonality1",1.00568123195839
"Spread_sesonality1_EIR_500_Access_0.04_Resistance_7_Dosage_0","Diagnostic",0.00237549545330724,"First",0.00861285373240073,-0.0036819776751216,500,7,0.04,0,"sesonality1",1.00568123195839
"Spread_sesonality1_EIR_500_Access_0.04_Resistance_7_Dosage_0","Fitness",0.942070844157212,"Total",0.948040205927258,0.935975491213985,500,7,0.04,0,"sesonality1",0
"Spread_sesonality1_EIR_500_Access_0.04_Resistance_7_Dosage_0","IC50_S",0.00201025676472575,"Total",0.00203108677529587,0.00198933832289637,500,7,0.04,0,"sesonality1",0
"Spread_sesonality1_EIR_500_Access_0.04_Resistance_7_Dosage_0","half_life",0.0547124998981344,"Total",0.055118323718066,0.054294703292356,500,7,0.04,0,"sesonality1",0
"Spread_sesonality1_EIR_500_Access_0.04_Resistance_7_Dosage_0","MKR",0.00179165072919917,"Total",0.001808847402292,0.00177530418746924,500,7,0.04,0,"sesonality1",0
"Spread_sesonality1_EIR_500_Access_0.04_Resistance_7_Dosage_0","Diagnostic",0.000709432530639716,"Total",0.000718038152764083,0.000700846271507683,500,7,0.04,0,"sesonality1",0
"Spread_sesonality1_EIR_5_Access_0.04_Resistance_18_Dosage_0","Fitness",0.988889390138278,"First",0.989848553255415,0.989659037290967,5,18,0.04,0,"sesonality1",1.00087334237795
"Spread_sesonality1_EIR_5_Access_0.04_Resistance_18_Dosage_0","IC50_S",0.00101256904922669,"First",0.00703909533246193,-0.00492857033202065,5,18,0.04,0,"sesonality1",1.00087334237795
"Spread_sesonality1_EIR_5_Access_0.04_Resistance_18_Dosage_0","half_life",0.00781908869276496,"First",0.0138204946785701,0.00197506284696662,5,18,0.04,0,"sesonality1",1.00087334237795
"Spread_sesonality1_EIR_5_Access_0.04_Resistance_18_Dosage_0","MKR",0.00107169655625352,"First",0.00714831292293609,-0.00484934811378428,5,18,0.04,0,"sesonality1",1.00087334237795
"Spread_sesonality1_EIR_5_Access_0.04_Resistance_18_Dosage_0","Diagnostic",0.00120725556347681,"First",0.00721387197840667,-0.00470569472169045,5,18,0.04,0,"sesonality1",1.00087334237795
"Spread_sesonality1_EIR_5_Access_0.04_Resistance_18_Dosage_0","Fitness",0.990277038923097,"Total",0.99614903679652,0.984304260313978,5,18,0.04,0,"sesonality1",0
"Spread_sesonality1_EIR_5_Access_0.04_Resistance_18_Dosage_0","IC50_S",0.000938052431271839,"Total",0.000947537739476298,0.000928309365618553,5,18,0.04,0,"sesonality1",0
"Spread_sesonality1_EIR_5_Access_0.04_Resistance_18_Dosage_0","half_life",0.00815058813973218,"Total",0.00822445026582026,0.00807518096572506,5,18,0.04,0,"sesonality1",0
"Spread_sesonality1_EIR_5_Access_0.04_Resistance_18_Dosage_0","MKR",0.0015367578844882,"Total",0.00155259175948135,0.00152085454570967,5,18,0.04,0,"sesonality1",0
"Spread_sesonality1_EIR_5_Access_0.04_Resistance_18_Dosage_0","Diagnostic",0.000654095933391474,"Total",0.000661401217741062,0.000646765521950539,5,18,0.04,0,"sesonality1",0
"Spread_sesonality1_EIR_10_Access_0.04_Resistance_18_Dosage_0","Fitness",0.997215129796823,"First",0.996121343619476,0.996056813448703,10,18,0.04,0,"sesonality1",0.99887040555064
"Spread_sesonality1_EIR_10_Access_0.04_Resistance_18_Dosage_0","IC50_S",0,"First",0.00538522914818284,-0.00648041782803008,10,18,0.04,0,"sesonality1",0.99887040555064
"Spread_sesonality1_EIR_10_Access_0.04_Resistance_18_Dosage_0","half_life",0.00278487020317683,"First",0.00872649277369849,-0.00317076090821793,10,18,0.04,0,"sesonality1",0.99887040555064
"Spread_sesonality1_EIR_10_Access_0.04_Resistance_18_Dosage_0","MKR",0,"First",0.00554650498777649,-0.00632990629132286,10,18,0.04,0,"sesonality1",0.99887040555064
"Spread_sesonality1_EIR_10_Access_0.04_Resistance_18_Dosage_0","Diagnostic",0,"First",0.00570591173343806,-0.0061946848308401,10,18,0.04,0,"sesonality1",0.99887040555064
"Spread_sesonality1_EIR_10_Access_0.04_Resistance_18_Dosage_0","Fitness",0.996831893984481,"Total",1.0027839149532,0.990895174975634,10,18,0.04,0,"sesonality1",0
"Spread_sesonality1_EIR_10_Access_0.04_Resistance_18_Dosage_0","IC50_S",0.000378682417395863,"Total",0.000383264003735649,0.000374072926077389,10,18,0.04,0,"sesonality1",0
"Spread_sesonality1_EIR_10_Access_0.04_Resistance_18_Dosage_0","half_life",0.00345182719333421,"Total",0.00347949512127171,0.00342318949169732,10,18,0.04,0,"sesonality1",0
"Spread_sesonality1_EIR_10_Access_0.04_Resistance_18_Dosage_0","MKR",0.000367001799514667,"Total",0.000372144605702267,0.000362030700813027,10,18,0.04,0,"sesonality1",0
"Spread_sesonality1_EIR_10_Access_0.04_Resistance_18_Dosage_0","Diagnostic",0.000297865408433366,"Total",0.000301439890589343,0.000294318338324659,10,18,0.04,0,"sesonality1",0
"Spread_sesonality1_EIR_500_Access_0.04_Resistance_18_Dosage_0","Fitness",0.991950501623891,"First",0.994392449900865,0.994290632172793,500,18,0.04,0,"sesonality1",1.00241029417802
"Spread_sesonality1_EIR_500_Access_0.04_Resistance_18_Dosage_0","IC50_S",0.00109958765375153,"First",0.00723462304544438,-0.00479739001994626,500,18,0.04,0,"sesonality1",1.00241029417802
"Spread_sesonality1_EIR_500_Access_0.04_Resistance_18_Dosage_0","half_life",0.00431433756105751,"First",0.01040665920308,-0.00161622238821861,500,18,0.04,0,"sesonality1",1.00241029417802
"Spread_sesonality1_EIR_500_Access_0.04_Resistance_18_Dosage_0","MKR",0.00121987340998023,"First",0.00732027776057167,-0.00464253410676464,500,18,0.04,0,"sesonality1",1.00241029417802
"Spread_sesonality1_EIR_500_Access_0.04_Resistance_18_Dosage_0","Diagnostic",0.00141569975131951,"First",0.00751926353351328,-0.00448273738214802,500,18,0.04,0,"sesonality1",1.00241029417802
"Spread_sesonality1_EIR_500_Access_0.04_Resistance_18_Dosage_0","Fitness",0.99459497196168,"Total",1.00048122269804,0.988501618084948,500,18,0.04,0,"sesonality1",0
"Spread_sesonality1_EIR_500_Access_0.04_Resistance_18_Dosage_0","IC50_S",0.000450542238388784,"Total",0.000456059538638326,0.000444911766103511,500,18,0.04,0,"sesonality1",0
"Spread_sesonality1_EIR_500_Access_0.04_Resistance_18_Dosage_0","half_life",0.00425829145958333,"Total",0.00429886305622004,0.00421764968760731,500,18,0.04,0,"sesonality1",0
"Spread_sesonality1_EIR_500_Access_0.04_Resistance_18_Dosage_0","MKR",0.000897203497457988,"Total",0.000907317636338767,0.000886704652847937,500,18,0.04,0,"sesonality1",0
"Spread_sesonality1_EIR_500_Access_0.04_Resistance_18_Dosage_0","Diagnostic",0.00146864579128221,"Total",0.00148591284353058,0.00145086117964899,500,18,0.04,0,"sesonality1",0
"Spread_sesonality1_EIR_5_Access_0.5_Resistance_7_Dosage_0","Fitness",0.0499203017962447,"First",0.0546206630011847,0.0427785134074992,5,7,0.5,0,"sesonality1",0.975301190882173
"Spread_sesonality1_EIR_5_Access_0.5_Resistance_7_Dosage_0","IC50_S",0.0223528876081956,"First",0.0279365470871123,0.0157736402840081,5,7,0.5,0,"sesonality1",0.975301190882173
"Spread_sesonality1_EIR_5_Access_0.5_Resistance_7_Dosage_0","half_life",0.898312148454629,"First",0.877132999734037,0.875122084206387,5,7,0.5,0,"sesonality1",0.975301190882173
"Spread_sesonality1_EIR_5_Access_0.5_Resistance_7_Dosage_0","MKR",0.0294146621409305,"First",0.0348532988746527,0.0225252959901672,5,7,0.5,0,"sesonality1",0.975301190882173
"Spread_sesonality1_EIR_5_Access_0.5_Resistance_7_Dosage_0","Diagnostic",0,"First",0.00347507969630373,-0.00866178344568186,5,7,0.5,0,"sesonality1",0.975301190882173
"Spread_sesonality1_EIR_5_Access_0.5_Resistance_7_Dosage_0","Fitness",0.0525197565588705,"Total",0.0529269348119253,0.0521101749368155,5,7,0.5,0,"sesonality1",0
"Spread_sesonality1_EIR_5_Access_0.5_Resistance_7_Dosage_0","IC50_S",0.0282153902109632,"Total",0.0284933695055511,0.0279327145421846,5,7,0.5,0,"sesonality1",0
"Spread_sesonality1_EIR_5_Access_0.5_Resistance_7_Dosage_0","half_life",0.894825460190242,"Total",0.900698941870921,0.888973547302931,5,7,0.5,0,"sesonality1",0
"Spread_sesonality1_EIR_5_Access_0.5_Resistance_7_Dosage_0","MKR",0.0426052265826662,"Total",0.0430283501292909,0.042181222231664,5,7,0.5,0,"sesonality1",0
"Spread_sesonality1_EIR_5_Access_0.5_Resistance_7_Dosage_0","Diagnostic",0.00277628123805632,"Total",0.00280765415107743,0.00274384184170204,5,7,0.5,0,"sesonality1",0
"Spread_sesonality1_EIR_10_Access_0.5_Resistance_7_Dosage_0","Fitness",0.0758454568990133,"First",0.080333769887471,0.0685345250741845,10,7,0.5,0,"sesonality1",0.981667188348979
"Spread_sesonality1_EIR_10_Access_0.5_Resistance_7_Dosage_0","IC50_S",0.0224786033817224,"First",0.0281257042223722,0.0160756164664063,10,7,0.5,0,"sesonality1",0.981667188348979
"Spread_sesonality1_EIR_10_Access_0.5_Resistance_7_Dosage_0","half_life",0.873773682907913,"First",0.858879989125393,0.856593879329164,10,7,0.5,0,"sesonality1",0.981667188348979
"Spread_sesonality1_EIR_10_Access_0.5_Resistance_7_Dosage_0","MKR",0.0270226209468957,"First",0.0325803855738214,0.0202976762914791,10,7,0.5,0,"sesonality1",0.981667188348979
"Spread_sesonality1_EIR_10_Access_0.5_Resistance_7_Dosage_0","Diagnostic",0.000879635864455127,"First",0.00690959444080076,-0.00517205724798849,10,7,0.5,0,"sesonality1",0.981667188348979
"Spread_sesonality1_EIR_10_Access_0.5_Resistance_7_Dosage_0","Fitness",0.0762348211485362,"Total",0.0768356931857809,0.075658522614487,10,7,0.5,0,"sesonality1",0
"Spread_sesonality1_EIR_10_Access_0.5_Resistance_7_Dosage_0","IC50_S",0.0283497763370449,"Total",0.0286498695427883,0.0280498114982048,10,7,0.5,0,"sesonality1",0
"Spread_sesonality1_EIR_10_Access_0.5_Resistance_7_Dosage_0","half_life",0.875179150095303,"Total",0.880917058707161,0.86943624754362,10,7,0.5,0,"sesonality1",0
"Spread_sesonality1_EIR_10_Access_0.5_Resistance_7_Dosage_0","MKR",0.0395073598503859,"Total",0.039910182286071,0.0391177281805966,10,7,0.5,0,"sesonality1",0
"Spread_sesonality1_EIR_10_Access_0.5_Resistance_7_Dosage_0","Diagnostic",0.00118412458100536,"Total",0.00119780595646393,0.00117057035546624,10,7,0.5,0,"sesonality1",0
"Spread_sesonality1_EIR_500_Access_0.5_Resistance_7_Dosage_0","Fitness",0.122471633698812,"First",0.126198249763709,0.114474917577851,500,7,0.5,0,"sesonality1",0.982521928493703
"Spread_sesonality1_EIR_500_Access_0.5_Resistance_7_Dosage_0","IC50_S",0.017013651008873,"First",0.0228293670822088,0.0107664788768681,500,7,0.5,0,"sesonality1",0.982521928493703
"Spread_sesonality1_EIR_500_Access_0.5_Resistance_7_Dosage_0","half_life",0.846233927135327,"First",0.832730617800847,0.830123350067358,500,7,0.5,0,"sesonality1",0.982521928493703
"Spread_sesonality1_EIR_500_Access_0.5_Resistance_7_Dosage_0","MKR",0.014280788156988,"First",0.0202336849595817,0.00800561590688269,500,7,0.5,0,"sesonality1",0.982521928493703
"Spread_sesonality1_EIR_500_Access_0.5_Resistance_7_Dosage_0","Diagnostic",0,"First",0.00429867761655552,-0.00775872982141605,500,7,0.5,0,"sesonality1",0.982521928493703
"Spread_sesonality1_EIR_500_Access_0.5_Resistance_7_Dosage_0","Fitness",0.125468293785018,"Total",0.126384789897846,0.124556387310555,500,7,0.5,0,"sesonality1",0
"Spread_sesonality1_EIR_500_Access_0.5_Resistance_7_Dosage_0","IC50_S",0.0228355267780797,"Total",0.0230890326625455,0.022576029106008,500,7,0.5,0,"sesonality1",0
"Spread_sesonality1_EIR_500_Access_0.5_Resistance_7_Dosage_0","half_life",0.842628077647834,"Total",0.848366185343166,0.836871432040086,500,7,0.5,0,"sesonality1",0
"Spread_sesonality1_EIR_500_Access_0.5_Resistance_7_Dosage_0","MKR",0.0208218523898202,"Total",0.0210403692511174,0.0206073938064415,500,7,0.5,0,"sesonality1",0
"Spread_sesonality1_EIR_500_Access_0.5_Resistance_7_Dosage_0","Diagnostic",0.00294224018335422,"Total",0.00297804957859696,0.00290817406801558,500,7,0.5,0,"sesonality1",0
"Spread_sesonality1_EIR_5_Access_0.5_Resistance_18_Dosage_0","Fitness",0.38782024465071,"First",0.393047275417164,0.383279532232779,5,18,0.5,0,"sesonality1",1.00097260882514
"Spread_sesonality1_EIR_5_Access_0.5_Resistance_18_Dosage_0","IC50_S",0.0123977116489119,"First",0.019243933655836,0.00548545618393334,5,18,0.5,0,"sesonality1",1.00097260882514
"Spread_sesonality1_EIR_5_Access_0.5_Resistance_18_Dosage_0","half_life",0.589434000216069,"First",0.59352112264349,0.586546407124297,5,18,0.5,0,"sesonality1",1.00097260882514
"Spread_sesonality1_EIR_5_Access_0.5_Resistance_18_Dosage_0","MKR",0.00730139016461524,"First",0.0141517436607917,0.000532185869856391,5,18,0.5,0,"sesonality1",1.00097260882514
"Spread_sesonality1_EIR_5_Access_0.5_Resistance_18_Dosage_0","Diagnostic",0.00304665331969398,"First",0.00995329898291706,-0.00379798526744792,5,18,0.5,0,"sesonality1",1.00097260882514
"Spread_sesonality1_EIR_5_Access_0.5_Resistance_18_Dosage_0","Fitness",0.390284464281224,"Total",0.393601217740983,0.386976827690687,5,18,0.5,0,"sesonality1",0
"Spread_sesonality1_EIR_5_Access_0.5_Resistance_18_Dosage_0","IC50_S",0.0125438186208477,"Total",0.0126768748366648,0.012410845921665,5,18,0.5,0,"sesonality1",0
"Spread_sesonality1_EIR_5_Access_0.5_Resistance_18_Dosage_0","half_life",0.594918178110192,"Total",0.599678457777542,0.59023067637709,5,18,0.5,0,"sesonality1",0
"Spread_sesonality1_EIR_5_Access_0.5_Resistance_18_Dosage_0","MKR",0.00719776964298323,"Total",0.00726666292444033,0.00712903852770381,5,18,0.5,0,"sesonality1",0
"Spread_sesonality1_EIR_5_Access_0.5_Resistance_18_Dosage_0","Diagnostic",0.0018522930459839,"Total",0.00187470629470431,0.00182915761862967,5,18,0.5,0,"sesonality1",0
"Spread_sesonality1_EIR_10_Access_0.5_Resistance_18_Dosage_0","Fitness",0.532493304994571,"First",0.530163362981754,0.522413242638408,10,18,0.5,0,"sesonality1",0.988288803851452
"Spread_sesonality1_EIR_10_Access_0.5_Resistance_18_Dosage_0","IC50_S",0.00278432938412605,"First",0.00941313188914885,-0.00392959856774821,10,18,0.5,0,"sesonality1",0.988288803851452
"Spread_sesonality1_EIR_10_Access_0.5_Resistance_18_Dosage_0","half_life",0.464621318344109,"First",0.463463205570406,0.45485713863865,10,18,0.5,0,"sesonality1",0.988288803851452
"Spread_sesonality1_EIR_10_Access_0.5_Resistance_18_Dosage_0","MKR",0.0001010472771939,"First",0.00685291335845407,-0.0066414842865267,10,18,0.5,0,"sesonality1",0.988288803851452
"Spread_sesonality1_EIR_10_Access_0.5_Resistance_18_Dosage_0","Diagnostic",0,"First",0.00333075492041765,-0.0102295681874478,10,18,0.5,0,"sesonality1",0.988288803851452
"Spread_sesonality1_EIR_10_Access_0.5_Resistance_18_Dosage_0","Fitness",0.527963324317417,"Total",0.532158701598831,0.523713874543691,10,18,0.5,0,"sesonality1",0
"Spread_sesonality1_EIR_10_Access_0.5_Resistance_18_Dosage_0","IC50_S",0.0077167676353303,"Total",0.00779341965287995,0.00763609390520301,10,18,0.5,0,"sesonality1",0
"Spread_sesonality1_EIR_10_Access_0.5_Resistance_18_Dosage_0","half_life",0.461428313582012,"Total",0.465195385122873,0.457614351792694,10,18,0.5,0,"sesonality1",0
"Spread_sesonality1_EIR_10_Access_0.5_Resistance_18_Dosage_0","MKR",0.00505241638964248,"Total",0.00510791601553987,0.00499648365994783,10,18,0.5,0,"sesonality1",0
"Spread_sesonality1_EIR_10_Access_0.5_Resistance_18_Dosage_0","Diagnostic",0.001659225806699,"Total",0.00167688606978521,0.0016414188014784,10,18,0.5,0,"sesonality1",0
"Spread_sesonality1_EIR_500_Access_0.5_Resistance_18_Dosage_0","Fitness",0.706683600540024,"First",0.697802720989093,0.692772414203057,500,18,0.5,0,"sesonality1",0.983792926285674
"Spread_sesonality1_EIR_500_Access_0.5_Resistance_18_Dosage_0","IC50_S",0.00290882430126485,"First",0.00957267088883895,-0.00363001189815173,500,18,0.5,0,"sesonality1",0.983792926285674
"Spread_sesonality1_EIR_500_Access_0.5_Resistance_18_Dosage_0","half_life",0.290407575158711,"First",0.29113771534221,0.2803797664743,500,18,0.5,0,"sesonality1",0.983792926285674
"Spread_sesonality1_EIR_500_Access_0.5_Resistance_18_Dosage_0","MKR",0,"First",0.00550885251245706,-0.00759375374248672,500,18,0.5,0,"sesonality1",0.983792926285674
"Spread_sesonality1_EIR_500_Access_0.5_Resistance_18_Dosage_0","Diagnostic",0,"First",0.00242207669934376,-0.0107155723431143,500,18,0.5,0,"sesonality1",0.983792926285674
"Spread_sesonality1_EIR_500_Access_0.5_Resistance_18_Dosage_0","Fitness",0.702009400760634,"Total",0.707312874452443,0.696609637135152,500,18,0.5,0,"sesonality1",0
"Spread_sesonality1_EIR_500_Access_0.5_Resistance_18_Dosage_0","IC50_S",0.00883797834401229,"Total",0.00893086771077629,0.00874662184687436,500,18,0.5,0,"sesonality1",0
"Spread_sesonality1_EIR_500_Access_0.5_Resistance_18_Dosage_0","half_life",0.293526326487845,"Total",0.295915451607011,0.291013242631735,500,18,0.5,0,"sesonality1",0
"Spread_sesonality1_EIR_500_Access_0.5_Resistance_18_Dosage_0","MKR",0.00394727296786588,"Total",0.00398419713913027,0.00391008920190994,500,18,0.5,0,"sesonality1",0
"Spread_sesonality1_EIR_500_Access_0.5_Resistance_18_Dosage_0","Diagnostic",0.00125339947262997,"Total",0.00126750136467367,0.00123939442656525,500,18,0.5,0,"sesonality1",0
"Spread_sesonality1_EIR_5_Access_0.04_Resistance_7_Dosage_4","Fitness",0.821494783208893,"First",0.810787389387633,0.807720455246899,5,7,0.04,4,"sesonality1",0.985096710623467
"Spread_sesonality1_EIR_5_Access_0.04_Resistance_7_Dosage_4","IC50_S",5.81009263180502e-05,"First",0.0063040473590447,-0.00635003665188867,5,7,0.04,4,"sesonality1",0.985096710623467
"Spread_sesonality1_EIR_5_Access_0.04_Resistance_7_Dosage_4","half_life",0.178447115864789,"First",0.181494239199418,0.170014941123911,5,7,0.04,4,"sesonality1",0.985096710623467
"Spread_sesonality1_EIR_5_Access_0.04_Resistance_7_Dosage_4","MKR",0,"First",0.00438615485135611,-0.00836763030262892,5,7,0.04,4,"sesonality1",0.985096710623467
"Spread_sesonality1_EIR_5_Access_0.04_Resistance_7_Dosage_4","Diagnostic",0,"First",0.00528382169384319,-0.00747559938990531,5,7,0.04,4,"sesonality1",0.985096710623467
"Spread_sesonality1_EIR_5_Access_0.04_Resistance_7_Dosage_4","Fitness",0.815231533020373,"Total",0.8208926722299,0.809653441346068,5,7,0.04,4,"sesonality1",0
"Spread_sesonality1_EIR_5_Access_0.04_Resistance_7_Dosage_4","IC50_S",0.00697386399507072,"Total",0.0070636522739916,0.00688275429719676,5,7,0.04,4,"sesonality1",0
"Spread_sesonality1_EIR_5_Access_0.04_Resistance_7_Dosage_4","half_life",0.181657398257667,"Total",0.183110086779965,0.180196362818793,5,7,0.04,4,"sesonality1",0
"Spread_sesonality1_EIR_5_Access_0.04_Resistance_7_Dosage_4","MKR",0.00372387501414361,"Total",0.00376588016079882,0.00368321811751446,5,7,0.04,4,"sesonality1",0
"Spread_sesonality1_EIR_5_Access_0.04_Resistance_7_Dosage_4","Diagnostic",0.00604447602290054,"Total",0.00610741745825372,0.00597965880426909,5,7,0.04,4,"sesonality1",0
"Spread_sesonality1_EIR_10_Access_0.04_Resistance_7_Dosage_4","Fitness",0.90644046823349,"First",0.897488790760368,0.895774429101205,10,7,0.04,4,"sesonality1",0.989166990617801
"Spread_sesonality1_EIR_10_Access_0.04_Resistance_7_Dosage_4","IC50_S",0,"First",0.00594988245140431,-0.00631675104812914,10,7,0.04,4,"sesonality1",0.989166990617801
"Spread_sesonality1_EIR_10_Access_0.04_Resistance_7_Dosage_4","half_life",0.0935595317665103,"First",0.0984207367857227,0.0867503397709651,10,7,0.04,4,"sesonality1",0.989166990617801
"Spread_sesonality1_EIR_10_Access_0.04_Resistance_7_Dosage_4","MKR",0,"First",0.00598988506675384,-0.00627351704862317,10,7,0.04,4,"sesonality1",0.989166990617801
"Spread_sesonality1_EIR_10_Access_0.04_Resistance_7_Dosage_4","Diagnostic",0,"First",0.00602884500983709,-0.00620375728996359,10,7,0.04,4,"sesonality1",0.989166990617801
"Spread_sesonality1_EIR_10_Access_0.04_Resistance_7_Dosage_4","Fitness",0.901623759334251,"Total",0.907469653080733,0.895694292921536,10,7,0.04,4,"sesonality1",0
"Spread_sesonality1_EIR_10_Access_0.04_Resistance_7_Dosage_4","IC50_S",0.00377071455402728,"Total",0.00381615625455182,0.00372402066642208,10,7,0.04,4,"sesonality1",0
"Spread_sesonality1_EIR_10_Access_0.04_Resistance_7_Dosage_4","half_life",0.0965707830799773,"Total",0.0973703372770501,0.095748133922985,10,7,0.04,4,"sesonality1",0
"Spread_sesonality1_EIR_10_Access_0.04_Resistance_7_Dosage_4","MKR",0.00373539575669716,"Total",0.00377639672254228,0.00369451881841389,10,7,0.04,4,"sesonality1",0
"Spread_sesonality1_EIR_10_Access_0.04_Resistance_7_Dosage_4","Diagnostic",0.00508149809461554,"Total",0.00513332978523524,0.00502975683372534,10,7,0.04,4,"sesonality1",0
"Spread_sesonality1_EIR_500_Access_0.04_Resistance_7_Dosage_4","Fitness",0.950934390301614,"First",0.94705612225283,0.946123412448602,500,7,0.04,4,"sesonality1",0.995430623158711
"Spread_sesonality1_EIR_500_Access_0.04_Resistance_7_Dosage_4","IC50_S",0.000389591872312758,"First",0.00655566117226237,-0.00572643292894015,500,7,0.04,4,"sesonality1",0.995430623158711
"Spread_sesonality1_EIR_500_Access_0.04_Resistance_7_Dosage_4","half_life",0.0485026127401243,"First",0.0542921562236701,0.0422876172331164,500,7,0.04,4,"sesonality1",0.995430623158711
"Spread_sesonality1_EIR_500_Access_0.04_Resistance_7_Dosage_4","MKR",0.000173405085948566,"First",0.00637704217668727,-0.00591030775259768,500,7,0.04,4,"sesonality1",0.995430623158711
"Spread_sesonality1_EIR_500_Access_0.04_Resistance_7_Dosage_4","Diagnostic",0,"First",0.00588220832592985,-0.00637768094751372,500,7,0.04,4,"sesonality1",0.995430623158711
"Spread_sesonality1_EIR_500_Access_0.04_Resistance_7_Dosage_4","Fitness",0.94859443103647,"Total",0.954620204871438,0.94255556386918,500,7,0.04,4,"sesonality1",0
"Spread_sesonality1_EIR_500_Access_0.04_Resistance_7_Dosage_4","IC50_S",0.00272140990387053,"Total",0.00275675479789504,0.0026852162160559,500,7,0.04,4,"sesonality1",0
"Spread_sesonality1_EIR_500_Access_0.04_Resistance_7_Dosage_4","half_life",0.0495089875955622,"Total",0.0499501302123859,0.049068498790538,500,7,0.04,4,"sesonality1",0
"Spread_sesonality1_EIR_500_Access_0.04_Resistance_7_Dosage_4","MKR",0.00124610644827996,"Total",0.00126253645014413,0.00122944069644995,500,7,0.04,4,"sesonality1",0
"Spread_sesonality1_EIR_500_Access_0.04_Resistance_7_Dosage_4","Diagnostic",0.00256349254185703,"Total",0.0025953477742454,0.00253167833564994,500,7,0.04,4,"sesonality1",0
"Spread_sesonality1_EIR_5_Access_0.04_Resistance_18_Dosage_4","Fitness",0.997358810440502,"First",0.996019078974792,0.995945354857926,5,18,0.04,4,"sesonality1",0.998619971516034
"Spread_sesonality1_EIR_5_Access_0.04_Resistance_18_Dosage_4","IC50_S",0.00027692020293552,"First",0.00619868781119046,-0.00568704373340217,5,18,0.04,4,"sesonality1",0.998619971516034
"Spread_sesonality1_EIR_5_Access_0.04_Resistance_18_Dosage_4","half_life",0.00186280648773368,"First",0.00774250820844549,-0.00413252662506174,5,18,0.04,4,"sesonality1",0.998619971516034
"Spread_sesonality1_EIR_5_Access_0.04_Resistance_18_Dosage_4","MKR",0.000268829474467895,"First",0.00615577663028883,-0.00573421046717018,5,18,0.04,4,"sesonality1",0.998619971516034
"Spread_sesonality1_EIR_5_Access_0.04_Resistance_18_Dosage_4","Diagnostic",0.000232633394361012,"First",0.00614607192343511,-0.00570325632228519,5,18,0.04,4,"sesonality1",0.998619971516034
"Spread_sesonality1_EIR_5_Access_0.04_Resistance_18_Dosage_4","Fitness",0.996668543915256,"Total",1.00263228293908,0.990761622350042,5,18,0.04,4,"sesonality1",0
"Spread_sesonality1_EIR_5_Access_0.04_Resistance_18_Dosage_4","IC50_S",0.000720474641984834,"Total",0.000728688987279752,0.000712375974173233,5,18,0.04,4,"sesonality1",0
"Spread_sesonality1_EIR_5_Access_0.04_Resistance_18_Dosage_4","half_life",0.00246828033739971,"Total",0.00249518276725689,0.00244107961511866,5,18,0.04,4,"sesonality1",0
"Spread_sesonality1_EIR_5_Access_0.04_Resistance_18_Dosage_4","MKR",0.0010848108358041,"Total",0.00109663747174872,0.00107280652330686,5,18,0.04,4,"sesonality1",0
"Spread_sesonality1_EIR_5_Access_0.04_Resistance_18_Dosage_4","Diagnostic",0.000649782642433556,"Total",0.000657758836886181,0.000641646713205699,5,18,0.04,4,"sesonality1",0
"Spread_sesonality1_EIR_10_Access_0.04_Resistance_18_Dosage_4","Fitness",1,"First",0.99788893032834,0.997849875548137,10,18,0.04,4,"sesonality1",0.997869407149136
"Spread_sesonality1_EIR_10_Access_0.04_Resistance_18_Dosage_4","IC50_S",0,"First",0.00482173496670041,-0.00720165360354983,10,18,0.04,4,"sesonality1",0.997869407149136
"Spread_sesonality1_EIR_10_Access_0.04_Resistance_18_Dosage_4","half_life",0,"First",0.00563946826344019,-0.00637412236132537,10,18,0.04,4,"sesonality1",0.997869407149136
"Spread_sesonality1_EIR_10_Access_0.04_Resistance_18_Dosage_4","MKR",0,"First",0.00476346439578592,-0.0073148414654799,10,18,0.04,4,"sesonality1",0.997869407149136
"Spread_sesonality1_EIR_10_Access_0.04_Resistance_18_Dosage_4","Diagnostic",0,"First",0.0048517415266344,-0.00724150525357398,10,18,0.04,4,"sesonality1",0.997869407149136
"Spread_sesonality1_EIR_10_Access_0.04_Resistance_18_Dosage_4","Fitness",0.999962671058911,"Total",1.00594585818621,0.993857206987383,10,18,0.04,4,"sesonality1",0
"Spread_sesonality1_EIR_10_Access_0.04_Resistance_18_Dosage_4","IC50_S",0.000504234467584929,"Total",0.000509746046969273,0.000498679421815327,10,18,0.04,4,"sesonality1",0
"Spread_sesonality1_EIR_10_Access_0.04_Resistance_18_Dosage_4","half_life",0.00138350121347278,"Total",0.00139933181810077,0.00136748851081667,10,18,0.04,4,"sesonality1",0
"Spread_sesonality1_EIR_10_Access_0.04_Resistance_18_Dosage_4","MKR",0.000384152606420297,"Total",0.000388779257511334,0.000379461501862218,10,18,0.04,4,"sesonality1",0
"Spread_sesonality1_EIR_10_Access_0.04_Resistance_18_Dosage_4","Diagnostic",0.000447872303909691,"Total",0.000453054232187167,0.000442752086971984,10,18,0.04,4,"sesonality1",0
"Spread_sesonality1_EIR_500_Access_0.04_Resistance_18_Dosage_4","Fitness",0.989509681739036,"First",0.996175532547695,0.996113841250298,500,18,0.04,4,"sesonality1",1.00670537668898
"Spread_sesonality1_EIR_500_Access_0.04_Resistance_18_Dosage_4","IC50_S",0.00190270908665576,"First",0.00778509240155068,-0.00412905431824219,500,18,0.04,4,"sesonality1",1.00670537668898
"Spread_sesonality1_EIR_500_Access_0.04_Resistance_18_Dosage_4","half_life",0.0047401688779668,"First",0.0106777587357465,-0.00122555594171708,500,18,0.04,4,"sesonality1",1.00670537668898
"Spread_sesonality1_EIR_500_Access_0.04_Resistance_18_Dosage_4","MKR",0.00188467770825004,"First",0.0077663394318981,-0.0041102454563564,500,18,0.04,4,"sesonality1",1.00670537668898
"Spread_sesonality1_EIR_500_Access_0.04_Resistance_18_Dosage_4","Diagnostic",0.00196276258809184,"First",0.00786599406395044,-0.00404100681402521,500,18,0.04,4,"sesonality1",1.00670537668898
"Spread_sesonality1_EIR_500_Access_0.04_Resistance_18_Dosage_4","Fitness",0.994769712364973,"Total",1.00076270599016,0.98886979897888,500,18,0.04,4,"sesonality1",0
"Spread_sesonality1_EIR_500_Access_0.04_Resistance_18_Dosage_4","IC50_S",0.000464419052762895,"Total",0.000469652172698014,0.000459011551900101,500,18,0.04,4,"sesonality1",0
"Spread_sesonality1_EIR_500_Access_0.04_Resistance_18_Dosage_4","half_life",0.00309461620144571,"Total",0.00312026239495881,0.00306923077229284,500,18,0.04,4,"sesonality1",0
"Spread_sesonality1_EIR_500_Access_0.04_Resistance_18_Dosage_4","MKR",0.000436110104736225,"Total",0.000440545930224996,0.000431649267795021,500,18,0.04,4,"sesonality1",0
"Spread_sesonality1_EIR_500_Access_0.04_Resistance_18_Dosage_4","Diagnostic",0.000400433572141763,"Total",0.000405364377310023,0.000395344712104787,500,18,0.04,4,"sesonality1",0
"Spread_sesonality1_EIR_5_Access_0.5_Resistance_7_Dosage_4","Fitness",0.0248751174215063,"First",0.03144227340621,0.0184560638894811,5,7,0.5,4,"sesonality1",1.00247549863488
"Spread_sesonality1_EIR_5_Access_0.5_Resistance_7_Dosage_4","IC50_S",0.011768233890582,"First",0.0183690895345962,0.00520417853984934,5,7,0.5,4,"sesonality1",1.00247549863488
"Spread_sesonality1_EIR_5_Access_0.5_Resistance_7_Dosage_4","half_life",0.951597237286776,"First",0.954432059196825,0.953470864163777,5,7,0.5,4,"sesonality1",1.00247549863488
"Spread_sesonality1_EIR_5_Access_0.5_Resistance_7_Dosage_4","MKR",0.00716098811774593,"First",0.0136804163328305,0.000656245545133495,5,7,0.5,4,"sesonality1",1.00247549863488
"Spread_sesonality1_EIR_5_Access_0.5_Resistance_7_Dosage_4","Diagnostic",0.00459842328339018,"First",0.0111444323783795,-0.00193075288516014,5,7,0.5,4,"sesonality1",1.00247549863488
"Spread_sesonality1_EIR_5_Access_0.5_Resistance_7_Dosage_4","Fitness",0.0235353218047428,"Total",0.023745352151841,0.0233135883854214,5,7,0.5,4,"sesonality1",0
"Spread_sesonality1_EIR_5_Access_0.5_Resistance_7_Dosage_4","IC50_S",0.0165433280611447,"Total",0.0167847461765505,0.0163018744811349,5,7,0.5,4,"sesonality1",0
"Spread_sesonality1_EIR_5_Access_0.5_Resistance_7_Dosage_4","half_life",0.963438622611661,"Total",0.969888818165245,0.95694942710949,5,7,0.5,4,"sesonality1",0
"Spread_sesonality1_EIR_5_Access_0.5_Resistance_7_Dosage_4","MKR",0.00606899289208198,"Total",0.00615382054580054,0.00598531523899442,5,7,0.5,4,"sesonality1",0
"Spread_sesonality1_EIR_5_Access_0.5_Resistance_7_Dosage_4","Diagnostic",0.00283214762808968,"Total",0.00286742001209101,0.0027964648313265,5,7,0.5,4,"sesonality1",0
"Spread_sesonality1_EIR_10_Access_0.5_Resistance_7_Dosage_4","Fitness",0.0409499046669178,"First",0.0469011533894971,0.033531779689967,10,7,0.5,4,"sesonality1",0.981840840665076
"Spread_sesonality1_EIR_10_Access_0.5_Resistance_7_Dosage_4","IC50_S",0.00689077496124268,"First",0.0135792483327717,-4.68109445691551e-05,10,7,0.5,4,"sesonality1",0.981840840665076
"Spread_sesonality1_EIR_10_Access_0.5_Resistance_7_Dosage_4","half_life",0.951137278817802,"First",0.934527792890917,0.933213274459444,10,7,0.5,4,"sesonality1",0.981840840665076
"Spread_sesonality1_EIR_10_Access_0.5_Resistance_7_Dosage_4","MKR",0.00102204155403771,"First",0.00780354213933715,-0.00578568955181466,10,7,0.5,4,"sesonality1",0.981840840665076
"Spread_sesonality1_EIR_10_Access_0.5_Resistance_7_Dosage_4","Diagnostic",0,"First",0.00587305506267517,-0.0078598711235581,10,7,0.5,4,"sesonality1",0.981840840665076
"Spread_sesonality1_EIR_10_Access_0.5_Resistance_7_Dosage_4","Fitness",0.0426110806008573,"Total",0.0429972169029972,0.042227506333156,10,7,0.5,4,"sesonality1",0
"Spread_sesonality1_EIR_10_Access_0.5_Resistance_7_Dosage_4","IC50_S",0.0174435458377645,"Total",0.0176760500161484,0.0172082991730978,10,7,0.5,4,"sesonality1",0
"Spread_sesonality1_EIR_10_Access_0.5_Resistance_7_Dosage_4","half_life",0.947199710802664,"Total",0.953923040762857,0.940560746675036,10,7,0.5,4,"sesonality1",0
"Spread_sesonality1_EIR_10_Access_0.5_Resistance_7_Dosage_4","MKR",0.0052386100637508,"Total",0.00531207308513415,0.00516311488828364,10,7,0.5,4,"sesonality1",0
"Spread_sesonality1_EIR_10_Access_0.5_Resistance_7_Dosage_4","Diagnostic",0.00442973726003568,"Total",0.00448989500211153,0.00436928931989156,10,7,0.5,4,"sesonality1",0
"Spread_sesonality1_EIR_500_Access_0.5_Resistance_7_Dosage_4","Fitness",0.119194466440746,"First",0.125850345683872,0.11203706501245,500,7,0.5,4,"sesonality1",0.997628091291728
"Spread_sesonality1_EIR_500_Access_0.5_Resistance_7_Dosage_4","IC50_S",0.0126526595628234,"First",0.0200227338269392,0.00531581735143377,500,7,0.5,4,"sesonality1",0.997628091291728
"Spread_sesonality1_EIR_500_Access_0.5_Resistance_7_Dosage_4","half_life",0.860409079260819,"First",0.859769290460639,0.857012028306899,500,7,0.5,4,"sesonality1",0.997628091291728
"Spread_sesonality1_EIR_500_Access_0.5_Resistance_7_Dosage_4","MKR",0.00474273556624323,"First",0.0121339234440998,-0.00252726243017843,500,7,0.5,4,"sesonality1",0.997628091291728
"Spread_sesonality1_EIR_500_Access_0.5_Resistance_7_Dosage_4","Diagnostic",0.00300105916936833,"First",0.0103531496711746,-0.0042144779323389,500,7,0.5,4,"sesonality1",0.997628091291728
"Spread_sesonality1_EIR_500_Access_0.5_Resistance_7_Dosage_4","Fitness",0.117771044651001,"Total",0.118808508718804,0.116693046798635,500,7,0.5,4,"sesonality1",0
"Spread_sesonality1_EIR_500_Access_0.5_Resistance_7_Dosage_4","IC50_S",0.020293737765518,"Total",0.0205799250322784,0.0200037183655935,500,7,0.5,4,"sesonality1",0
"Spread_sesonality1_EIR_500_Access_0.5_Resistance_7_Dosage_4","half_life",0.870161117263272,"Total",0.87701234205029,0.863348548055821,500,7,0.5,4,"sesonality1",0
"Spread_sesonality1_EIR_500_Access_0.5_Resistance_7_Dosage_4","MKR",0.00479995950693109,"Total",0.0048686980822058,0.00473111845987933,500,7,0.5,4,"sesonality1",0
"Spread_sesonality1_EIR_500_Access_0.5_Resistance_7_Dosage_4","Diagnostic",0.000386343376408291,"Total",0.000392682091539538,0.000379768719938863,500,7,0.5,4,"sesonality1",0
"Spread_sesonality1_EIR_5_Access_0.5_Resistance_18_Dosage_4","Fitness",0.523314460308608,"First",0.519954207692203,0.512072272383082,5,18,0.5,4,"sesonality1",0.986066264333669
"Spread_sesonality1_EIR_5_Access_0.5_Resistance_18_Dosage_4","IC50_S",0.00912778801892105,"First",0.0158447898705343,0.00227125089040677,5,18,0.5,4,"sesonality1",0.986066264333669
"Spread_sesonality1_EIR_5_Access_0.5_Resistance_18_Dosage_4","half_life",0.4558464836249,"First",0.454011114799818,0.444953228049358,5,18,0.5,4,"sesonality1",0.986066264333669
"Spread_sesonality1_EIR_5_Access_0.5_Resistance_18_Dosage_4","MKR",0.0089887157589374,"First",0.0156207176809343,0.0020314384811781,5,18,0.5,4,"sesonality1",0.986066264333669
"Spread_sesonality1_EIR_5_Access_0.5_Resistance_18_Dosage_4","Diagnostic",0.00272255228863346,"First",0.00955134030699088,-0.00416496688640625,5,18,0.5,4,"sesonality1",0.986066264333669
"Spread_sesonality1_EIR_5_Access_0.5_Resistance_18_Dosage_4","Fitness",0.519933940737833,"Total",0.524152266118576,0.515753658450994,5,18,0.5,4,"sesonality1",0
"Spread_sesonality1_EIR_5_Access_0.5_Resistance_18_Dosage_4","IC50_S",0.0122545426227297,"Total",0.0123903745580054,0.0121142512150946,5,18,0.5,4,"sesonality1",0
"Spread_sesonality1_EIR_5_Access_0.5_Resistance_18_Dosage_4","half_life",0.457773824420543,"Total",0.461543438772503,0.454021372986546,5,18,0.5,4,"sesonality1",0
"Spread_sesonality1_EIR_5_Access_0.5_Resistance_18_Dosage_4","MKR",0.0173082467668745,"Total",0.017490990477387,0.0171180208915066,5,18,0.5,4,"sesonality1",0
"Spread_sesonality1_EIR_5_Access_0.5_Resistance_18_Dosage_4","Diagnostic",0.00839619007637177,"Total",0.00851499580999525,0.00827960746402982,5,18,0.5,4,"sesonality1",0
"Spread_sesonality1_EIR_10_Access_0.5_Resistance_18_Dosage_4","Fitness",0.630566496094033,"First",0.614974300228582,0.608473891303136,10,18,0.5,4,"sesonality1",0.970110105809262
"Spread_sesonality1_EIR_10_Access_0.5_Resistance_18_Dosage_4","IC50_S",0.00367003650123956,"First",0.0102675974787975,-0.00337347960431181,10,18,0.5,4,"sesonality1",0.970110105809262
"Spread_sesonality1_EIR_10_Access_0.5_Resistance_18_Dosage_4","half_life",0.36374563074441,"First",0.357970118361518,0.347871704734994,10,18,0.5,4,"sesonality1",0.970110105809262
"Spread_sesonality1_EIR_10_Access_0.5_Resistance_18_Dosage_4","MKR",0.00201783666031776,"First",0.00869783074783811,-0.00491565692296856,10,18,0.5,4,"sesonality1",0.970110105809262
"Spread_sesonality1_EIR_10_Access_0.5_Resistance_18_Dosage_4","Diagnostic",0,"First",0.00459419637184145,-0.00907086371442564,10,18,0.5,4,"sesonality1",0.970110105809262
"Spread_sesonality1_EIR_10_Access_0.5_Resistance_18_Dosage_4","Fitness",0.620209918389746,"Total",0.625075922746092,0.61524896678347,10,18,0.5,4,"sesonality1",0
"Spread_sesonality1_EIR_10_Access_0.5_Resistance_18_Dosage_4","IC50_S",0.0121690850278759,"Total",0.0123067808442835,0.0120268604911233,10,18,0.5,4,"sesonality1",0
"Spread_sesonality1_EIR_10_Access_0.5_Resistance_18_Dosage_4","half_life",0.3679518100375,"Total",0.37110166112696,0.364793135934808,10,18,0.5,4,"sesonality1",0
"Spread_sesonality1_EIR_10_Access_0.5_Resistance_18_Dosage_4","MKR",0.0132015567958931,"Total",0.0133444223691952,0.0130581209101799,10,18,0.5,4,"sesonality1",0
"Spread_sesonality1_EIR_10_Access_0.5_Resistance_18_Dosage_4","Diagnostic",0.00495830205470951,"Total",0.00501430723919766,0.00490141157176074,10,18,0.5,4,"sesonality1",0
"Spread_sesonality1_EIR_500_Access_0.5_Resistance_18_Dosage_4","Fitness",0.646991023737572,"First",0.652811839768936,0.64718373818473,500,18,0.5,4,"sesonality1",1.00459148365395
"Spread_sesonality1_EIR_500_Access_0.5_Resistance_18_Dosage_4","IC50_S",0.0109678483109777,"First",0.0177449374881972,0.00455747247102477,500,18,0.5,4,"sesonality1",1.00459148365395
"Spread_sesonality1_EIR_500_Access_0.5_Resistance_18_Dosage_4","half_life",0.325907191986534,"First",0.332561008275871,0.322391959596742,500,18,0.5,4,"sesonality1",1.00459148365395
"Spread_sesonality1_EIR_500_Access_0.5_Resistance_18_Dosage_4","MKR",0.00975103862814902,"First",0.0164572143930966,0.003305411071904,500,18,0.5,4,"sesonality1",1.00459148365395
"Spread_sesonality1_EIR_500_Access_0.5_Resistance_18_Dosage_4","Diagnostic",0.00638289733676808,"First",0.0130766256632221,-0.00015966622198242,500,18,0.5,4,"sesonality1",1.00459148365395
"Spread_sesonality1_EIR_500_Access_0.5_Resistance_18_Dosage_4","Fitness",0.651250410121012,"Total",0.656108279415437,0.646239914473748,500,18,0.5,4,"sesonality1",0
"Spread_sesonality1_EIR_500_Access_0.5_Resistance_18_Dosage_4","IC50_S",0.00987285583875532,"Total",0.00997842813503404,0.00976412881865486,500,18,0.5,4,"sesonality1",0
"Spread_sesonality1_EIR_500_Access_0.5_Resistance_18_Dosage_4","half_life",0.332370261741983,"Total",0.335076409075615,0.329618039935293,500,18,0.5,4,"sesonality1",0
"Spread_sesonality1_EIR_500_Access_0.5_Resistance_18_Dosage_4","MKR",0.0114708607812112,"Total",0.0115998001817371,0.0113428617401119,500,18,0.5,4,"sesonality1",0
"Spread_sesonality1_EIR_500_Access_0.5_Resistance_18_Dosage_4","Diagnostic",0.00870457772246574,"Total",0.00882019602576994,0.00858903612946488,500,18,0.5,4,"sesonality1",0
"Spread_sesonality2_EIR_5_Access_0.04_Resistance_7_Dosage_0","Fitness",0.885070095729076,"First",0.877269807268705,0.875255853766187,5,7,0.04,0,"sesonality2",0.990047560986961
"Spread_sesonality2_EIR_5_Access_0.04_Resistance_7_Dosage_0","IC50_S",0.000418281671369818,"First",0.00666066007269319,-0.00596708014836608,5,7,0.04,0,"sesonality2",0.990047560986961
"Spread_sesonality2_EIR_5_Access_0.04_Resistance_7_Dosage_0","half_life",0.108766427276956,"First",0.113633192482009,0.101707371441639,5,7,0.04,0,"sesonality2",0.990047560986961
"Spread_sesonality2_EIR_5_Access_0.04_Resistance_7_Dosage_0","MKR",0.00574519532259799,"First",0.0119417729310509,-0.000567819050888657,5,7,0.04,0,"sesonality2",0.990047560986961
"Spread_sesonality2_EIR_5_Access_0.04_Resistance_7_Dosage_0","Diagnostic",0,"First",0.00481160376603096,-0.00768735047734076,5,7,0.04,0,"sesonality2",0.990047560986961
"Spread_sesonality2_EIR_5_Access_0.04_Resistance_7_Dosage_0","Fitness",0.875693495348411,"Total",0.881580829086872,0.869826764590647,5,7,0.04,0,"sesonality2",0
"Spread_sesonality2_EIR_5_Access_0.04_Resistance_7_Dosage_0","IC50_S",0.00543828662210064,"Total",0.00549149602570138,0.00538422589825246,5,7,0.04,0,"sesonality2",0
"Spread_sesonality2_EIR_5_Access_0.04_Resistance_7_Dosage_0","half_life",0.111873220998934,"Total",0.112796524943806,0.110944049166444,5,7,0.04,0,"sesonality2",0
"Spread_sesonality2_EIR_5_Access_0.04_Resistance_7_Dosage_0","MKR",0.0118561053050684,"Total",0.0119957407706872,0.011717399732475,5,7,0.04,0,"sesonality2",0
"Spread_sesonality2_EIR_5_Access_0.04_Resistance_7_Dosage_0","Diagnostic",0.00231267354117292,"Total",0.00233852220547894,0.00228630771263026,5,7,0.04,0,"sesonality2",0
"Spread_sesonality2_EIR_10_Access_0.04_Resistance_7_Dosage_0","Fitness",0.919772991001012,"First",0.914225828170035,0.912855144464614,10,7,0.04,0,"sesonality2",0.993223941346754
"Spread_sesonality2_EIR_10_Access_0.04_Resistance_7_Dosage_0","IC50_S",0.00340999982840632,"First",0.00965667988220619,-0.00283515710599822,10,7,0.04,0,"sesonality2",0.993223941346754
"Spread_sesonality2_EIR_10_Access_0.04_Resistance_7_Dosage_0","half_life",0.0702952028981548,"First",0.0757134597851366,0.0638619732420803,10,7,0.04,0,"sesonality2",0.993223941346754
"Spread_sesonality2_EIR_10_Access_0.04_Resistance_7_Dosage_0","MKR",0.00555290650235282,"First",0.0116883280585421,-0.000740570062489735,10,7,0.04,0,"sesonality2",0.993223941346754
"Spread_sesonality2_EIR_10_Access_0.04_Resistance_7_Dosage_0","Diagnostic",0.000968899770073647,"First",0.00714207154998868,-0.00525484715155104,10,7,0.04,0,"sesonality2",0.993223941346754
"Spread_sesonality2_EIR_10_Access_0.04_Resistance_7_Dosage_0","Fitness",0.91730486954152,"Total",0.923303461199194,0.911461485195076,10,7,0.04,0,"sesonality2",0
"Spread_sesonality2_EIR_10_Access_0.04_Resistance_7_Dosage_0","IC50_S",0.00620191726309118,"Total",0.00626611408365125,0.00613940982562956,10,7,0.04,0,"sesonality2",0
"Spread_sesonality2_EIR_10_Access_0.04_Resistance_7_Dosage_0","half_life",0.074375901560798,"Total",0.0750002556853271,0.0737468127022981,10,7,0.04,0,"sesonality2",0
"Spread_sesonality2_EIR_10_Access_0.04_Resistance_7_Dosage_0","MKR",0.00840021155913637,"Total",0.0084923938802194,0.00830703141269896,10,7,0.04,0,"sesonality2",0
"Spread_sesonality2_EIR_10_Access_0.04_Resistance_7_Dosage_0","Diagnostic",0.00204907234466708,"Total",0.00207020854971785,0.0020275238203481,10,7,0.04,0,"sesonality2",0
"Spread_sesonality2_EIR_500_Access_0.04_Resistance_7_Dosage_0","Fitness",0.940254620582691,"First",0.930914965124761,0.929859282973379,500,7,0.04,0,"sesonality2",0.989498060510777
"Spread_sesonality2_EIR_500_Access_0.04_Resistance_7_Dosage_0","IC50_S",0,"First",0.00374664151103819,-0.00851999925361113,500,7,0.04,0,"sesonality2",0.989498060510777
"Spread_sesonality2_EIR_500_Access_0.04_Resistance_7_Dosage_0","half_life",0.0597453794173084,"First",0.0651826819956586,0.0532693465531166,500,7,0.04,0,"sesonality2",0.989498060510777
"Spread_sesonality2_EIR_500_Access_0.04_Resistance_7_Dosage_0","MKR",0,"First",0.00506457359948991,-0.00717500601497987,500,7,0.04,0,"sesonality2",0.989498060510777
"Spread_sesonality2_EIR_500_Access_0.04_Resistance_7_Dosage_0","Diagnostic",0,"First",0.00308564364657675,-0.0090794748555901,500,7,0.04,0,"sesonality2",0.989498060510777
"Spread_sesonality2_EIR_500_Access_0.04_Resistance_7_Dosage_0","Fitness",0.934889551338942,"Total",0.940750363335568,0.928871717566355,500,7,0.04,0,"sesonality2",0
"Spread_sesonality2_EIR_500_Access_0.04_Resistance_7_Dosage_0","IC50_S",0.00246136028680623,"Total",0.00248814588872072,0.00243476415527827,500,7,0.04,0,"sesonality2",0
"Spread_sesonality2_EIR_500_Access_0.04_Resistance_7_Dosage_0","half_life",0.0651079143205969,"Total",0.0656251968368983,0.0645882241015811,500,7,0.04,0,"sesonality2",0
"Spread_sesonality2_EIR_500_Access_0.04_Resistance_7_Dosage_0","MKR",0.00354860267928769,"Total",0.00358589856698441,0.00351209279238307,500,7,0.04,0,"sesonality2",0
"Spread_sesonality2_EIR_500_Access_0.04_Resistance_7_Dosage_0","Diagnostic",0.000858651379196119,"Total",0.000869141646962053,0.00084822270834447,500,7,0.04,0,"sesonality2",0
"Spread_sesonality2_EIR_5_Access_0.04_Resistance_18_Dosage_0","Fitness",0.977178484333086,"First",0.980792786679546,0.980462794779981,5,18,0.04,0,"sesonality2",1.00353119980838
"Spread_sesonality2_EIR_5_Access_0.04_Resistance_18_Dosage_0","IC50_S",0.00462142916428176,"First",0.0106419907188499,-0.00132435907016379,5,18,0.04,0,"sesonality2",1.00353119980838
"Spread_sesonality2_EIR_5_Access_0.04_Resistance_18_Dosage_0","half_life",0.00799213646478241,"First",0.0140067999427663,0.00207371079600738,5,18,0.04,0,"sesonality2",1.00353119980838
"Spread_sesonality2_EIR_5_Access_0.04_Resistance_18_Dosage_0","MKR",0.00485066050050185,"First",0.0108796600757816,-0.00104032367138431,5,18,0.04,0,"sesonality2",1.00353119980838
"Spread_sesonality2_EIR_5_Access_0.04_Resistance_18_Dosage_0","Diagnostic",0.00535728953734761,"First",0.0115171171161611,-0.000694239081128077,5,18,0.04,0,"sesonality2",1.00353119980838
"Spread_sesonality2_EIR_5_Access_0.04_Resistance_18_Dosage_0","Fitness",0.986969696312341,"Total",0.992870418182125,0.980955135741777,5,18,0.04,0,"sesonality2",0
"Spread_sesonality2_EIR_5_Access_0.04_Resistance_18_Dosage_0","IC50_S",0.00502483553709975,"Total",0.0050866898635403,0.00496194906417295,5,18,0.04,0,"sesonality2",0
"Spread_sesonality2_EIR_5_Access_0.04_Resistance_18_Dosage_0","half_life",0.00688649702453754,"Total",0.00695680497007057,0.00681309335016718,5,18,0.04,0,"sesonality2",0
"Spread_sesonality2_EIR_5_Access_0.04_Resistance_18_Dosage_0","MKR",0.00304918592829214,"Total",0.00308518891454089,0.00301342985383095,5,18,0.04,0,"sesonality2",0
"Spread_sesonality2_EIR_5_Access_0.04_Resistance_18_Dosage_0","Diagnostic",0.013425878576857,"Total",0.0135588288257168,0.0132928892983977,5,18,0.04,0,"sesonality2",0
"Spread_sesonality2_EIR_10_Access_0.04_Resistance_18_Dosage_0","Fitness",0.974426443971179,"First",0.993151765858234,0.993028309389463,10,18,0.04,0,"sesonality2",1.01915335039349
"Spread_sesonality2_EIR_10_Access_0.04_Resistance_18_Dosage_0","IC50_S",0.00579970676777216,"First",0.0118893580663095,-4.52959030231709e-06,10,18,0.04,0,"sesonality2",1.01915335039349
"Spread_sesonality2_EIR_10_Access_0.04_Resistance_18_Dosage_0","half_life",0.00781153745350049,"First",0.013974429917117,0.00199859731032917,10,18,0.04,0,"sesonality2",1.01915335039349
"Spread_sesonality2_EIR_10_Access_0.04_Resistance_18_Dosage_0","MKR",0.00604828444262036,"First",0.0121651564700341,0.000255428744798343,10,18,0.04,0,"sesonality2",1.01915335039349
"Spread_sesonality2_EIR_10_Access_0.04_Resistance_18_Dosage_0","Diagnostic",0.00591402736492783,"First",0.0120642263233816,5.32003258833201e-05,10,18,0.04,0,"sesonality2",1.01915335039349
"Spread_sesonality2_EIR_10_Access_0.04_Resistance_18_Dosage_0","Fitness",0.989712806089211,"Total",0.99566240152487,0.983713081918516,10,18,0.04,0,"sesonality2",0
"Spread_sesonality2_EIR_10_Access_0.04_Resistance_18_Dosage_0","IC50_S",0.00152356237389065,"Total",0.00154225907121152,0.00150458591599461,10,18,0.04,0,"sesonality2",0
"Spread_sesonality2_EIR_10_Access_0.04_Resistance_18_Dosage_0","half_life",0.0033968311709761,"Total",0.00342853955079428,0.00336487439379752,10,18,0.04,0,"sesonality2",0
"Spread_sesonality2_EIR_10_Access_0.04_Resistance_18_Dosage_0","MKR",0.00102649264568271,"Total",0.00103594241439966,0.00101672700503494,10,18,0.04,0,"sesonality2",0
"Spread_sesonality2_EIR_10_Access_0.04_Resistance_18_Dosage_0","Diagnostic",0.00257732009097731,"Total",0.0026062418469372,0.00254909947456253,10,18,0.04,0,"sesonality2",0
"Spread_sesonality2_EIR_500_Access_0.04_Resistance_18_Dosage_0","Fitness",0.998906782469808,"First",0.995476837670452,0.995392039154286,500,18,0.04,0,"sesonality2",0.996523824423003
"Spread_sesonality2_EIR_500_Access_0.04_Resistance_18_Dosage_0","IC50_S",0,"First",0.00437343416139463,-0.00775619656989902,500,18,0.04,0,"sesonality2",0.996523824423003
"Spread_sesonality2_EIR_500_Access_0.04_Resistance_18_Dosage_0","half_life",0.00109321753019169,"First",0.00710329970641957,-0.00498783180195913,500,18,0.04,0,"sesonality2",0.996523824423003
"Spread_sesonality2_EIR_500_Access_0.04_Resistance_18_Dosage_0","MKR",0,"First",0.00441196546443526,-0.00771820108716557,500,18,0.04,0,"sesonality2",0.996523824423003
"Spread_sesonality2_EIR_500_Access_0.04_Resistance_18_Dosage_0","Diagnostic",0,"First",0.00412517326089423,-0.00800633850839257,500,18,0.04,0,"sesonality2",0.996523824423003
"Spread_sesonality2_EIR_500_Access_0.04_Resistance_18_Dosage_0","Fitness",0.998222362176681,"Total",1.00429973958322,0.992230468283543,500,18,0.04,0,"sesonality2",0
"Spread_sesonality2_EIR_500_Access_0.04_Resistance_18_Dosage_0","IC50_S",0.000486820869167121,"Total",0.000492334697429071,0.000480982043560196,500,18,0.04,0,"sesonality2",0
"Spread_sesonality2_EIR_500_Access_0.04_Resistance_18_Dosage_0","half_life",0.00314614407640891,"Total",0.00317544273235,0.00311600144133368,500,18,0.04,0,"sesonality2",0
"Spread_sesonality2_EIR_500_Access_0.04_Resistance_18_Dosage_0","MKR",0.000465782482093345,"Total",0.000471475611081226,0.000459815212087767,500,18,0.04,0,"sesonality2",0
"Spread_sesonality2_EIR_500_Access_0.04_Resistance_18_Dosage_0","Diagnostic",0.00101488295121601,"Total",0.00102796129229996,0.00100134638913679,500,18,0.04,0,"sesonality2",0
"Spread_sesonality2_EIR_5_Access_0.5_Resistance_7_Dosage_0","Fitness",0.0296644151019098,"First",0.0347921318566191,0.0222625691126994,5,7,0.5,0,"sesonality2",0.961699193033605
"Spread_sesonality2_EIR_5_Access_0.5_Resistance_7_Dosage_0","IC50_S",0.031111688704559,"First",0.0364133049701013,0.0234626374802759,5,7,0.5,0,"sesonality2",0.961699193033605
"Spread_sesonality2_EIR_5_Access_0.5_Resistance_7_Dosage_0","half_life",0.898310759650748,"First",0.865275517268935,0.86253484795889,5,7,0.5,0,"sesonality2",0.961699193033605
"Spread_sesonality2_EIR_5_Access_0.5_Resistance_7_Dosage_0","MKR",0.040913136542783,"First",0.0461341532914973,0.0324998340921753,5,7,0.5,0,"sesonality2",0.961699193033605
"Spread_sesonality2_EIR_5_Access_0.5_Resistance_7_Dosage_0","Diagnostic",0,"First",0.00624601184622024,-0.006451559735297,5,7,0.5,0,"sesonality2",0.961699193033605
"Spread_sesonality2_EIR_5_Access_0.5_Resistance_7_Dosage_0","Fitness",0.0290866642796481,"Total",0.0293300800063336,0.0288424815561442,5,7,0.5,0,"sesonality2",0
"Spread_sesonality2_EIR_5_Access_0.5_Resistance_7_Dosage_0","IC50_S",0.0396038355364357,"Total",0.0399753826735455,0.0392335422205062,5,7,0.5,0,"sesonality2",0
"Spread_sesonality2_EIR_5_Access_0.5_Resistance_7_Dosage_0","half_life",0.900681814362511,"Total",0.906828379347196,0.89440360286726,5,7,0.5,0,"sesonality2",0
"Spread_sesonality2_EIR_5_Access_0.5_Resistance_7_Dosage_0","MKR",0.06703547671074,"Total",0.067703205185481,0.0663504977985916,5,7,0.5,0,"sesonality2",0
"Spread_sesonality2_EIR_5_Access_0.5_Resistance_7_Dosage_0","Diagnostic",0.00426091555187051,"Total",0.00430137231815738,0.00422004759144229,5,7,0.5,0,"sesonality2",0
"Spread_sesonality2_EIR_10_Access_0.5_Resistance_7_Dosage_0","Fitness",0.0378420492222331,"First",0.0428969410494206,0.03055519591697,10,7,0.5,0,"sesonality2",0.970427130372285
"Spread_sesonality2_EIR_10_Access_0.5_Resistance_7_Dosage_0","IC50_S",0.0292390663715795,"First",0.0346556114168893,0.0221394791317454,10,7,0.5,0,"sesonality2",0.970427130372285
"Spread_sesonality2_EIR_10_Access_0.5_Resistance_7_Dosage_0","half_life",0.890365026834353,"First",0.865281654617798,0.862774342673603,10,7,0.5,0,"sesonality2",0.970427130372285
"Spread_sesonality2_EIR_10_Access_0.5_Resistance_7_Dosage_0","MKR",0.0407024737967564,"First",0.0461595031579673,0.0329801012480824,10,7,0.5,0,"sesonality2",0.970427130372285
"Spread_sesonality2_EIR_10_Access_0.5_Resistance_7_Dosage_0","Diagnostic",0.00185138377507804,"First",0.00808704936630554,-0.00444428748508056,10,7,0.5,0,"sesonality2",0.970427130372285
"Spread_sesonality2_EIR_10_Access_0.5_Resistance_7_Dosage_0","Fitness",0.0381492565022527,"Total",0.0384798267383493,0.0378196280384177,10,7,0.5,0,"sesonality2",0
"Spread_sesonality2_EIR_10_Access_0.5_Resistance_7_Dosage_0","IC50_S",0.0345221263630994,"Total",0.0348499262398733,0.0341799095051058,10,7,0.5,0,"sesonality2",0
"Spread_sesonality2_EIR_10_Access_0.5_Resistance_7_Dosage_0","half_life",0.892586866387587,"Total",0.898634431950137,0.886542009730909,10,7,0.5,0,"sesonality2",0
"Spread_sesonality2_EIR_10_Access_0.5_Resistance_7_Dosage_0","MKR",0.0624452448784878,"Total",0.0630917570369438,0.0618126384397305,10,7,0.5,0,"sesonality2",0
"Spread_sesonality2_EIR_10_Access_0.5_Resistance_7_Dosage_0","Diagnostic",0.00657110010960014,"Total",0.00665232927490489,0.00649005182629048,10,7,0.5,0,"sesonality2",0
"Spread_sesonality2_EIR_500_Access_0.5_Resistance_7_Dosage_0","Fitness",0.0952360907084342,"First",0.0995704732645826,0.0879826827821571,500,7,0.5,0,"sesonality2",0.984456233490419
"Spread_sesonality2_EIR_500_Access_0.5_Resistance_7_Dosage_0","IC50_S",0.0176069908643132,"First",0.0233895500084217,0.0112858829932456,500,7,0.5,0,"sesonality2",0.984456233490419
"Spread_sesonality2_EIR_500_Access_0.5_Resistance_7_Dosage_0","half_life",0.86756830664252,"First",0.855232545944862,0.85295005818729,500,7,0.5,0,"sesonality2",0.984456233490419
"Spread_sesonality2_EIR_500_Access_0.5_Resistance_7_Dosage_0","MKR",0.0195886117847327,"First",0.0253115535330669,0.0132268902505322,500,7,0.5,0,"sesonality2",0.984456233490419
"Spread_sesonality2_EIR_500_Access_0.5_Resistance_7_Dosage_0","Diagnostic",0,"First",0.00591380524838929,-0.00613022052359335,500,7,0.5,0,"sesonality2",0.984456233490419
"Spread_sesonality2_EIR_500_Access_0.5_Resistance_7_Dosage_0","Fitness",0.0960799130549481,"Total",0.0967791197405225,0.0953678750498037,500,7,0.5,0,"sesonality2",0
"Spread_sesonality2_EIR_500_Access_0.5_Resistance_7_Dosage_0","IC50_S",0.0229493851516613,"Total",0.0231915293612105,0.0226991709141891,500,7,0.5,0,"sesonality2",0
"Spread_sesonality2_EIR_500_Access_0.5_Resistance_7_Dosage_0","half_life",0.869007926670591,"Total",0.874721058892672,0.863146893579332,500,7,0.5,0,"sesonality2",0
"Spread_sesonality2_EIR_500_Access_0.5_Resistance_7_Dosage_0","MKR",0.0264262490621567,"Total",0.0266773142607685,0.0261732964037546,500,7,0.5,0,"sesonality2",0
"Spread_sesonality2_EIR_500_Access_0.5_Resistance_7_Dosage_0","Diagnostic",0.0040716730784503,"Total",0.00411491379498739,0.00402763309500842,500,7,0.5,0,"sesonality2",0
"Spread_sesonality2_EIR_5_Access_0.5_Resistance_18_Dosage_0","Fitness",0.384253096071728,"First",0.394201234142939,0.384243813729448,5,18,0.5,0,"sesonality2",1.01287191345426
"Spread_sesonality2_EIR_5_Access_0.5_Resistance_18_Dosage_0","IC50_S",0.0130388687801866,"First",0.0201343719932824,0.00628430089924775,5,18,0.5,0,"sesonality2",1.01287191345426
"Spread_sesonality2_EIR_5_Access_0.5_Resistance_18_Dosage_0","half_life",0.582931885142127,"First",0.594090431616806,0.586889670516688,5,18,0.5,0,"sesonality2",1.01287191345426
"Spread_sesonality2_EIR_5_Access_0.5_Resistance_18_Dosage_0","MKR",0.0125949592113998,"First",0.0197790749551213,0.0058946409327637,5,18,0.5,0,"sesonality2",1.01287191345426
"Spread_sesonality2_EIR_5_Access_0.5_Resistance_18_Dosage_0","Diagnostic",0.00718119079455895,"First",0.0141977469885816,0.000485397502185944,5,18,0.5,0,"sesonality2",1.01287191345426
"Spread_sesonality2_EIR_5_Access_0.5_Resistance_18_Dosage_0","Fitness",0.390106685151931,"Total",0.393427406075033,0.386702559056081,5,18,0.5,0,"sesonality2",0
"Spread_sesonality2_EIR_5_Access_0.5_Resistance_18_Dosage_0","IC50_S",0.0114685726111611,"Total",0.0116002767110972,0.0113342878306583,5,18,0.5,0,"sesonality2",0
"Spread_sesonality2_EIR_5_Access_0.5_Resistance_18_Dosage_0","half_life",0.593950894012381,"Total",0.59880012952737,0.589080796646968,5,18,0.5,0,"sesonality2",0
"Spread_sesonality2_EIR_5_Access_0.5_Resistance_18_Dosage_0","MKR",0.00867253009532402,"Total",0.00876843257730354,0.00857779661007035,5,18,0.5,0,"sesonality2",0
"Spread_sesonality2_EIR_5_Access_0.5_Resistance_18_Dosage_0","Diagnostic",0.00260231147518152,"Total",0.00263213259942491,0.00257186654670332,5,18,0.5,0,"sesonality2",0
"Spread_sesonality2_EIR_10_Access_0.5_Resistance_18_Dosage_0","Fitness",0.527797425359074,"First",0.532348166357435,0.524412142531682,10,18,0.5,0,"sesonality2",1.0010374574157
"Spread_sesonality2_EIR_10_Access_0.5_Resistance_18_Dosage_0","IC50_S",0.00674010435343874,"First",0.0136480113935737,-6.60984845972448e-05,10,18,0.5,0,"sesonality2",1.0010374574157
"Spread_sesonality2_EIR_10_Access_0.5_Resistance_18_Dosage_0","half_life",0.45674806577755,"First",0.461823338852471,0.452642178947258,10,18,0.5,0,"sesonality2",1.0010374574157
"Spread_sesonality2_EIR_10_Access_0.5_Resistance_18_Dosage_0","MKR",0.00572057515915324,"First",0.0126411658461717,-0.00113224024149125,10,18,0.5,0,"sesonality2",1.0010374574157
"Spread_sesonality2_EIR_10_Access_0.5_Resistance_18_Dosage_0","Diagnostic",0.00299382935078425,"First",0.00995592990787977,-0.00387696823177326,10,18,0.5,0,"sesonality2",1.0010374574157
"Spread_sesonality2_EIR_10_Access_0.5_Resistance_18_Dosage_0","Fitness",0.527448724011979,"Total",0.531834037894357,0.523064276790295,10,18,0.5,0,"sesonality2",0
"Spread_sesonality2_EIR_10_Access_0.5_Resistance_18_Dosage_0","IC50_S",0.00804855717007953,"Total",0.00813937871223059,0.00795573294330166,10,18,0.5,0,"sesonality2",0
"Spread_sesonality2_EIR_10_Access_0.5_Resistance_18_Dosage_0","half_life",0.459032033943227,"Total",0.462806919257759,0.455145801609963,10,18,0.5,0,"sesonality2",0
"Spread_sesonality2_EIR_10_Access_0.5_Resistance_18_Dosage_0","MKR",0.00601027013648055,"Total",0.00606544342913048,0.00595247085153508,10,18,0.5,0,"sesonality2",0
"Spread_sesonality2_EIR_10_Access_0.5_Resistance_18_Dosage_0","Diagnostic",0.00231471421052042,"Total",0.00234016121232977,0.00228902167561415,10,18,0.5,0,"sesonality2",0
"Spread_sesonality2_EIR_500_Access_0.5_Resistance_18_Dosage_0","Fitness",0.728728752493852,"First",0.730979023787773,0.726516501195367,500,18,0.5,0,"sesonality2",0.99999014798493
"Spread_sesonality2_EIR_500_Access_0.5_Resistance_18_Dosage_0","IC50_S",0.00503030327252446,"First",0.0115727657257959,-0.00149673920338727,500,18,0.5,0,"sesonality2",0.99999014798493
"Spread_sesonality2_EIR_500_Access_0.5_Resistance_18_Dosage_0","half_life",0.262499830685955,"First",0.267900898154264,0.256904743265173,500,18,0.5,0,"sesonality2",0.99999014798493
"Spread_sesonality2_EIR_500_Access_0.5_Resistance_18_Dosage_0","MKR",0.00353271527076074,"First",0.0100096678204153,-0.00301954383834674,500,18,0.5,0,"sesonality2",0.99999014798493
"Spread_sesonality2_EIR_500_Access_0.5_Resistance_18_Dosage_0","Diagnostic",0.000208398276907515,"First",0.00674380709433777,-0.00626033656793279,500,18,0.5,0,"sesonality2",0.99999014798493
"Spread_sesonality2_EIR_500_Access_0.5_Resistance_18_Dosage_0","Fitness",0.728324002573586,"Total",0.733849944058967,0.722945500557056,500,18,0.5,0,"sesonality2",0
"Spread_sesonality2_EIR_500_Access_0.5_Resistance_18_Dosage_0","IC50_S",0.00578263999418471,"Total",0.00584534896845046,0.00571925394604892,500,18,0.5,0,"sesonality2",0
"Spread_sesonality2_EIR_500_Access_0.5_Resistance_18_Dosage_0","half_life",0.263181167228329,"Total",0.265345338704111,0.260957475375429,500,18,0.5,0,"sesonality2",0
"Spread_sesonality2_EIR_500_Access_0.5_Resistance_18_Dosage_0","MKR",0.00366551700576411,"Total",0.00370104344962796,0.00362884684784216,500,18,0.5,0,"sesonality2",0
"Spread_sesonality2_EIR_500_Access_0.5_Resistance_18_Dosage_0","Diagnostic",0.000793136760287111,"Total",0.000801969154793151,0.00078400143909869,500,18,0.5,0,"sesonality2",0
"Spread_sesonality2_EIR_5_Access_0.04_Resistance_7_Dosage_4","Fitness",0.649250232146452,"First",0.643372084936754,0.637404413782594,5,7,0.04,4,"sesonality2",0.986356106457391
"Spread_sesonality2_EIR_5_Access_0.04_Resistance_7_Dosage_4","IC50_S",0.00421957028871885,"First",0.0107459629041389,-0.00237391834845869,5,7,0.04,4,"sesonality2",0.986356106457391
"Spread_sesonality2_EIR_5_Access_0.04_Resistance_7_Dosage_4","half_life",0.34159888450487,"First",0.341997054183864,0.331947237667155,5,7,0.04,4,"sesonality2",0.986356106457391
"Spread_sesonality2_EIR_5_Access_0.04_Resistance_7_Dosage_4","MKR",0.0021100048830984,"First",0.00864308766240476,-0.00441257588081357,5,7,0.04,4,"sesonality2",0.986356106457391
"Spread_sesonality2_EIR_5_Access_0.04_Resistance_7_Dosage_4","Diagnostic",0.00282130817686003,"First",0.00935891939082996,-0.00374410040789347,5,7,0.04,4,"sesonality2",0.986356106457391
"Spread_sesonality2_EIR_5_Access_0.04_Resistance_7_Dosage_4","Fitness",0.652164786412538,"Total",0.657026342596158,0.647164497291677,5,7,0.04,4,"sesonality2",0
"Spread_sesonality2_EIR_5_Access_0.04_Resistance_7_Dosage_4","IC50_S",0.00779018175956653,"Total",0.0078909380912707,0.00768883565928279,5,7,0.04,4,"sesonality2",0
"Spread_sesonality2_EIR_5_Access_0.04_Resistance_7_Dosage_4","half_life",0.351289788357689,"Total",0.35423050939557,0.348343194310565,5,7,0.04,4,"sesonality2",0
"Spread_sesonality2_EIR_5_Access_0.04_Resistance_7_Dosage_4","MKR",0.00334609901318089,"Total",0.00338614774420298,0.00330463703098697,5,7,0.04,4,"sesonality2",0
"Spread_sesonality2_EIR_5_Access_0.04_Resistance_7_Dosage_4","Diagnostic",0.00891989729382393,"Total",0.00901305939057595,0.0088277114747789,5,7,0.04,4,"sesonality2",0
"Spread_sesonality2_EIR_10_Access_0.04_Resistance_7_Dosage_4","Fitness",0.750109420284826,"First",0.762028260289393,0.758148235449466,10,7,0.04,4,"sesonality2",1.01324046718029
"Spread_sesonality2_EIR_10_Access_0.04_Resistance_7_Dosage_4","IC50_S",0.00726581620410451,"First",0.0138465912320257,0.00115907579677708,10,7,0.04,4,"sesonality2",1.01324046718029
"Spread_sesonality2_EIR_10_Access_0.04_Resistance_7_Dosage_4","half_life",0.229669352729458,"First",0.238203798442276,0.227406526194676,10,7,0.04,4,"sesonality2",1.01324046718029
"Spread_sesonality2_EIR_10_Access_0.04_Resistance_7_Dosage_4","MKR",0.00805244308606411,"First",0.0145516010410831,0.00199713207829629,10,7,0.04,4,"sesonality2",1.01324046718029
"Spread_sesonality2_EIR_10_Access_0.04_Resistance_7_Dosage_4","Diagnostic",0.00490296769554724,"First",0.0113945192048926,-0.00119359022587647,10,7,0.04,4,"sesonality2",1.01324046718029
"Spread_sesonality2_EIR_10_Access_0.04_Resistance_7_Dosage_4","Fitness",0.758286848528163,"Total",0.763544878629867,0.752802245647923,10,7,0.04,4,"sesonality2",0
"Spread_sesonality2_EIR_10_Access_0.04_Resistance_7_Dosage_4","IC50_S",0.00591664912936806,"Total",0.00599815018833763,0.00583277118500451,10,7,0.04,4,"sesonality2",0
"Spread_sesonality2_EIR_10_Access_0.04_Resistance_7_Dosage_4","half_life",0.232704584764237,"Total",0.234593343422195,0.230732843856786,10,7,0.04,4,"sesonality2",0
"Spread_sesonality2_EIR_10_Access_0.04_Resistance_7_Dosage_4","MKR",0.00405152503661753,"Total",0.00409510558412267,0.00400687164843029,10,7,0.04,4,"sesonality2",0
"Spread_sesonality2_EIR_10_Access_0.04_Resistance_7_Dosage_4","Diagnostic",0.00203239617947852,"Total",0.00205478998684541,0.00200997131320135,10,7,0.04,4,"sesonality2",0
"Spread_sesonality2_EIR_500_Access_0.04_Resistance_7_Dosage_4","Fitness",0.912517317419714,"First",0.91420897879304,0.912715763664148,500,7,0.04,4,"sesonality2",1.00103052306463
"Spread_sesonality2_EIR_500_Access_0.04_Resistance_7_Dosage_4","IC50_S",0.00139858726295007,"First",0.00761477462040058,-0.00465660140630519,500,7,0.04,4,"sesonality2",1.00103052306463
"Spread_sesonality2_EIR_500_Access_0.04_Resistance_7_Dosage_4","half_life",0.0834093898410203,"First",0.0895180242477211,0.077600601482663,500,7,0.04,4,"sesonality2",1.00103052306463
"Spread_sesonality2_EIR_500_Access_0.04_Resistance_7_Dosage_4","MKR",0.00140626052542505,"First",0.00766845878729896,-0.00471180923314427,500,7,0.04,4,"sesonality2",1.00103052306463
"Spread_sesonality2_EIR_500_Access_0.04_Resistance_7_Dosage_4","Diagnostic",0.00126844495089079,"First",0.00750935937892598,-0.00478408276142038,500,7,0.04,4,"sesonality2",1.00103052306463
"Spread_sesonality2_EIR_500_Access_0.04_Resistance_7_Dosage_4","Fitness",0.91441525131789,"Total",0.920266602003897,0.908361953426402,500,7,0.04,4,"sesonality2",0
"Spread_sesonality2_EIR_500_Access_0.04_Resistance_7_Dosage_4","IC50_S",0.00146811999056371,"Total",0.00148503940929035,0.0014512797568275,500,7,0.04,4,"sesonality2",0
"Spread_sesonality2_EIR_500_Access_0.04_Resistance_7_Dosage_4","half_life",0.0847769009252636,"Total",0.0855113383804002,0.0840321160691595,500,7,0.04,4,"sesonality2",0
"Spread_sesonality2_EIR_500_Access_0.04_Resistance_7_Dosage_4","MKR",0.00111219948681995,"Total",0.0011248817392794,0.00109948934077204,500,7,0.04,4,"sesonality2",0
"Spread_sesonality2_EIR_500_Access_0.04_Resistance_7_Dosage_4","Diagnostic",0.000853922871816851,"Total",0.000865082324426259,0.00084273923971081,500,7,0.04,4,"sesonality2",0
"Spread_sesonality2_EIR_5_Access_0.04_Resistance_18_Dosage_4","Fitness",0.977472601568577,"First",0.991275810955796,0.991122829273241,5,18,0.04,4,"sesonality2",1.01404303661091
"Spread_sesonality2_EIR_5_Access_0.04_Resistance_18_Dosage_4","IC50_S",0.00488056717211302,"First",0.0109143645579047,-0.00123918215903564,5,18,0.04,4,"sesonality2",1.01404303661091
"Spread_sesonality2_EIR_5_Access_0.04_Resistance_18_Dosage_4","half_life",0.00735799563196881,"First",0.0134625262263007,0.00128508624334809,5,18,0.04,4,"sesonality2",1.01404303661091
"Spread_sesonality2_EIR_5_Access_0.04_Resistance_18_Dosage_4","MKR",0.00500610090947618,"First",0.011049292173836,-0.00111234856018541,5,18,0.04,4,"sesonality2",1.01404303661091
"Spread_sesonality2_EIR_5_Access_0.04_Resistance_18_Dosage_4","Diagnostic",0.00528273471786461,"First",0.0113219404116888,-0.000791172525318056,5,18,0.04,4,"sesonality2",1.01404303661091
"Spread_sesonality2_EIR_5_Access_0.04_Resistance_18_Dosage_4","Fitness",0.98958679185246,"Total",0.995733693272556,0.983623087824582,5,18,0.04,4,"sesonality2",0
"Spread_sesonality2_EIR_5_Access_0.04_Resistance_18_Dosage_4","IC50_S",0.00108621472720782,"Total",0.00109864378591139,0.00107390681562652,5,18,0.04,4,"sesonality2",0
"Spread_sesonality2_EIR_5_Access_0.04_Resistance_18_Dosage_4","half_life",0.00565201228934961,"Total",0.00570799134654406,0.00559557859070826,5,18,0.04,4,"sesonality2",0
"Spread_sesonality2_EIR_5_Access_0.04_Resistance_18_Dosage_4","MKR",0.00182767347506473,"Total",0.0018489138590998,0.00180605454989572,5,18,0.04,4,"sesonality2",0
"Spread_sesonality2_EIR_5_Access_0.04_Resistance_18_Dosage_4","Diagnostic",0.00117340843254394,"Total",0.00118548350650517,0.00116145957787106,5,18,0.04,4,"sesonality2",0
"Spread_sesonality2_EIR_10_Access_0.04_Resistance_18_Dosage_4","Fitness",0.98063456312948,"First",0.990269931037303,0.990097748938832,10,18,0.04,4,"sesonality2",1.00973496085765
"Spread_sesonality2_EIR_10_Access_0.04_Resistance_18_Dosage_4","IC50_S",0.0043556179928224,"First",0.0104954572888316,-0.00148618077694352,10,18,0.04,4,"sesonality2",1.00973496085765
"Spread_sesonality2_EIR_10_Access_0.04_Resistance_18_Dosage_4","half_life",0.00856991928619781,"First",0.0147810982088308,0.00271248319652237,10,18,0.04,4,"sesonality2",1.00973496085765
"Spread_sesonality2_EIR_10_Access_0.04_Resistance_18_Dosage_4","MKR",0.00318960978755018,"First",0.00934391503180271,-0.00269582429308741,10,18,0.04,4,"sesonality2",1.00973496085765
"Spread_sesonality2_EIR_10_Access_0.04_Resistance_18_Dosage_4","Diagnostic",0.00325028980394998,"First",0.00942715780670004,-0.00263455267344575,10,18,0.04,4,"sesonality2",1.00973496085765
"Spread_sesonality2_EIR_10_Access_0.04_Resistance_18_Dosage_4","Fitness",0.988206124624299,"Total",0.994101694688968,0.982069918203721,10,18,0.04,4,"sesonality2",0
"Spread_sesonality2_EIR_10_Access_0.04_Resistance_18_Dosage_4","IC50_S",0.00277681300482956,"Total",0.00280771721271204,0.00274619509196484,10,18,0.04,4,"sesonality2",0
"Spread_sesonality2_EIR_10_Access_0.04_Resistance_18_Dosage_4","half_life",0.0067332850864357,"Total",0.00679616608781675,0.00666934457760462,10,18,0.04,4,"sesonality2",0
"Spread_sesonality2_EIR_10_Access_0.04_Resistance_18_Dosage_4","MKR",0.000837714872545496,"Total",0.000846230140486911,0.000829003157391953,10,18,0.04,4,"sesonality2",0
"Spread_sesonality2_EIR_10_Access_0.04_Resistance_18_Dosage_4","Diagnostic",0.00116651185353499,"Total",0.0011785208365273,0.00115435563607523,10,18,0.04,4,"sesonality2",0
"Spread_sesonality2_EIR_500_Access_0.04_Resistance_18_Dosage_4","Fitness",1,"First",0.996559544174399,0.996495771768845,500,18,0.04,4,"sesonality2",0.9965272965327
"Spread_sesonality2_EIR_500_Access_0.04_Resistance_18_Dosage_4","IC50_S",0,"First",0.00443102574043188,-0.00766123392176778,500,18,0.04,4,"sesonality2",0.9965272965327
"Spread_sesonality2_EIR_500_Access_0.04_Resistance_18_Dosage_4","half_life",0,"First",0.00509665117847041,-0.00688320785953167,500,18,0.04,4,"sesonality2",0.9965272965327
"Spread_sesonality2_EIR_500_Access_0.04_Resistance_18_Dosage_4","MKR",0,"First",0.00391661143501108,-0.00811376092816645,500,18,0.04,4,"sesonality2",0.9965272965327
"Spread_sesonality2_EIR_500_Access_0.04_Resistance_18_Dosage_4","Diagnostic",0,"First",0.00391580900176622,-0.0081844309267116,500,18,0.04,4,"sesonality2",0.9965272965327
"Spread_sesonality2_EIR_500_Access_0.04_Resistance_18_Dosage_4","Fitness",0.998941450202494,"Total",1.00495735227417,0.992963508145891,500,18,0.04,4,"sesonality2",0
"Spread_sesonality2_EIR_500_Access_0.04_Resistance_18_Dosage_4","IC50_S",0.000805793255065142,"Total",0.000815237620549216,0.000796209434805154,500,18,0.04,4,"sesonality2",0
"Spread_sesonality2_EIR_500_Access_0.04_Resistance_18_Dosage_4","half_life",0.00206088778689152,"Total",0.00208154954243808,0.00203970821672663,500,18,0.04,4,"sesonality2",0
"Spread_sesonality2_EIR_500_Access_0.04_Resistance_18_Dosage_4","MKR",0.000665315875390893,"Total",0.000673481704621705,0.000656950515821953,500,18,0.04,4,"sesonality2",0
"Spread_sesonality2_EIR_500_Access_0.04_Resistance_18_Dosage_4","Diagnostic",0.000807272975707983,"Total",0.000815654966229087,0.000798774474514849,500,18,0.04,4,"sesonality2",0
"Spread_sesonality2_EIR_5_Access_0.5_Resistance_7_Dosage_4","Fitness",0.00672522133029123,"First",0.0129911463119582,0.000316671197638667,5,7,0.5,4,"sesonality2",0.982782048139944
"Spread_sesonality2_EIR_5_Access_0.5_Resistance_7_Dosage_4","IC50_S",0.00895742031632221,"First",0.015244408167502,0.00250645212495266,5,7,0.5,4,"sesonality2",0.982782048139944
"Spread_sesonality2_EIR_5_Access_0.5_Resistance_7_Dosage_4","half_life",0.981380108119282,"First",0.964922114385067,0.964052866428678,5,7,0.5,4,"sesonality2",0.982782048139944
"Spread_sesonality2_EIR_5_Access_0.5_Resistance_7_Dosage_4","MKR",0.00293725023410457,"First",0.00923841613948048,-0.00338537107373069,5,7,0.5,4,"sesonality2",0.982782048139944
"Spread_sesonality2_EIR_5_Access_0.5_Resistance_7_Dosage_4","Diagnostic",0,"First",0.00531935404689551,-0.00730970234138654,5,7,0.5,4,"sesonality2",0.982782048139944
"Spread_sesonality2_EIR_5_Access_0.5_Resistance_7_Dosage_4","Fitness",0.00822416447574329,"Total",0.00829614753645031,0.00815155428024109,5,7,0.5,4,"sesonality2",0
"Spread_sesonality2_EIR_5_Access_0.5_Resistance_7_Dosage_4","IC50_S",0.0214461180761751,"Total",0.0217685157400895,0.0211237553845948,5,7,0.5,4,"sesonality2",0
"Spread_sesonality2_EIR_5_Access_0.5_Resistance_7_Dosage_4","half_life",0.979997725374567,"Total",0.986236060818666,0.973724792760656,5,7,0.5,4,"sesonality2",0
"Spread_sesonality2_EIR_5_Access_0.5_Resistance_7_Dosage_4","MKR",0.00619266732745509,"Total",0.00628436591294767,0.006099110311631,5,7,0.5,4,"sesonality2",0
"Spread_sesonality2_EIR_5_Access_0.5_Resistance_7_Dosage_4","Diagnostic",0.000444332188130564,"Total",0.000449796951985979,0.000438701961205758,5,7,0.5,4,"sesonality2",0
"Spread_sesonality2_EIR_10_Access_0.5_Resistance_7_Dosage_4","Fitness",0.0157130951028912,"First",0.0218952846490416,0.00924008163871807,10,7,0.5,4,"sesonality2",0.993320785386259
"Spread_sesonality2_EIR_10_Access_0.5_Resistance_7_Dosage_4","IC50_S",0.00970026414233672,"First",0.0161591701953159,0.00317365750586848,10,7,0.5,4,"sesonality2",0.993320785386259
"Spread_sesonality2_EIR_10_Access_0.5_Resistance_7_Dosage_4","half_life",0.966802735797136,"First",0.960782855015799,0.95991611451132,10,7,0.5,4,"sesonality2",0.993320785386259
"Spread_sesonality2_EIR_10_Access_0.5_Resistance_7_Dosage_4","MKR",0.00487448670288733,"First",0.0112501648232947,-0.00159862645861914,10,7,0.5,4,"sesonality2",0.993320785386259
"Spread_sesonality2_EIR_10_Access_0.5_Resistance_7_Dosage_4","Diagnostic",0.00290941825474865,"First",0.0093138915301919,-0.00351356170894144,10,7,0.5,4,"sesonality2",0.993320785386259
"Spread_sesonality2_EIR_10_Access_0.5_Resistance_7_Dosage_4","Fitness",0.0136321190206805,"Total",0.0137535826596119,0.0135049931663076,10,7,0.5,4,"sesonality2",0
"Spread_sesonality2_EIR_10_Access_0.5_Resistance_7_Dosage_4","IC50_S",0.0188288248185375,"Total",0.0190800766393705,0.0185661305182793,10,7,0.5,4,"sesonality2",0
"Spread_sesonality2_EIR_10_Access_0.5_Resistance_7_Dosage_4","half_life",0.973823907302611,"Total",0.980160392282023,0.967625423883241,10,7,0.5,4,"sesonality2",0
"Spread_sesonality2_EIR_10_Access_0.5_Resistance_7_Dosage_4","MKR",0.00665864625367504,"Total",0.00675476394573318,0.0065628442725458,10,7,0.5,4,"sesonality2",0
"Spread_sesonality2_EIR_10_Access_0.5_Resistance_7_Dosage_4","Diagnostic",0.00343779680685046,"Total",0.00348279909138189,0.00339267436990835,10,7,0.5,4,"sesonality2",0
"Spread_sesonality2_EIR_500_Access_0.5_Resistance_7_Dosage_4","Fitness",0.0737583817889646,"First",0.0795277558041308,0.0661961425544125,500,7,0.5,4,"sesonality2",0.987140299821535
"Spread_sesonality2_EIR_500_Access_0.5_Resistance_7_Dosage_4","IC50_S",0.00860500803660247,"First",0.0156799391149081,0.00171547947887214,500,7,0.5,4,"sesonality2",0.987140299821535
"Spread_sesonality2_EIR_500_Access_0.5_Resistance_7_Dosage_4","half_life",0.914566098397351,"First",0.903741309055346,0.90187662883887,500,7,0.5,4,"sesonality2",0.987140299821535
"Spread_sesonality2_EIR_500_Access_0.5_Resistance_7_Dosage_4","MKR",0.00233667800597204,"First",0.00941622778494152,-0.00452287521044977,500,7,0.5,4,"sesonality2",0.987140299821535
"Spread_sesonality2_EIR_500_Access_0.5_Resistance_7_Dosage_4","Diagnostic",0.000733833771110177,"First",0.00786271315203034,-0.00608958775539159,500,7,0.5,4,"sesonality2",0.987140299821535
"Spread_sesonality2_EIR_500_Access_0.5_Resistance_7_Dosage_4","Fitness",0.0742065624882274,"Total",0.0748834271746271,0.0735033935435012,500,7,0.5,4,"sesonality2",0
"Spread_sesonality2_EIR_500_Access_0.5_Resistance_7_Dosage_4","IC50_S",0.0169707742462069,"Total",0.0171956499582696,0.0167392415787785,500,7,0.5,4,"sesonality2",0
"Spread_sesonality2_EIR_500_Access_0.5_Resistance_7_Dosage_4","half_life",0.915522269227355,"Total",0.922066699317167,0.9088471508484,500,7,0.5,4,"sesonality2",0
"Spread_sesonality2_EIR_500_Access_0.5_Resistance_7_Dosage_4","MKR",0.0054930586389742,"Total",0.00556392807095374,0.00542126733951758,500,7,0.5,4,"sesonality2",0
"Spread_sesonality2_EIR_500_Access_0.5_Resistance_7_Dosage_4","Diagnostic",0.00237710862596867,"Total",0.00240450841292476,0.00234960139187101,500,7,0.5,4,"sesonality2",0
"Spread_sesonality2_EIR_5_Access_0.5_Resistance_18_Dosage_4","Fitness",0.697065621462472,"First",0.670165897692316,0.664212661869053,5,18,0.5,4,"sesonality2",0.957120637698747
"Spread_sesonality2_EIR_5_Access_0.5_Resistance_18_Dosage_4","IC50_S",0.00483741373320126,"First",0.0115887394611492,-0.00238004228924128,5,18,0.5,4,"sesonality2",0.957120637698747
"Spread_sesonality2_EIR_5_Access_0.5_Resistance_18_Dosage_4","half_life",0.29382485274579,"First",0.286958626595157,0.275274149150169,5,18,0.5,4,"sesonality2",0.957120637698747
"Spread_sesonality2_EIR_5_Access_0.5_Resistance_18_Dosage_4","MKR",0.00427211205853681,"First",0.0110606365005199,-0.00291261909736567,5,18,0.5,4,"sesonality2",0.957120637698747
"Spread_sesonality2_EIR_5_Access_0.5_Resistance_18_Dosage_4","Diagnostic",0,"First",0.00634900270568509,-0.00818158133607319,5,18,0.5,4,"sesonality2",0.957120637698747
"Spread_sesonality2_EIR_5_Access_0.5_Resistance_18_Dosage_4","Fitness",0.682686072295198,"Total",0.688191534826249,0.677321488984534,5,18,0.5,4,"sesonality2",0
"Spread_sesonality2_EIR_5_Access_0.5_Resistance_18_Dosage_4","IC50_S",0.013760511177647,"Total",0.0139360176929888,0.0135903285450173,5,18,0.5,4,"sesonality2",0
"Spread_sesonality2_EIR_5_Access_0.5_Resistance_18_Dosage_4","half_life",0.303878257320574,"Total",0.3064861142736,0.301242720327251,5,18,0.5,4,"sesonality2",0
"Spread_sesonality2_EIR_5_Access_0.5_Resistance_18_Dosage_4","MKR",0.0119515552913869,"Total",0.0120875972246567,0.0118140588767527,5,18,0.5,4,"sesonality2",0
"Spread_sesonality2_EIR_5_Access_0.5_Resistance_18_Dosage_4","Diagnostic",0.0211019368826421,"Total",0.0213433965703159,0.0208602085785047,5,18,0.5,4,"sesonality2",0
"Spread_sesonality2_EIR_10_Access_0.5_Resistance_18_Dosage_4","Fitness",0.78745518663666,"First",0.788302330011471,0.784731587063161,10,18,0.5,4,"sesonality2",0.998803876233387
"Spread_sesonality2_EIR_10_Access_0.5_Resistance_18_Dosage_4","IC50_S",0.00611019936595944,"First",0.0126945429426091,-0.000446325876418055,10,18,0.5,4,"sesonality2",0.998803876233387
"Spread_sesonality2_EIR_10_Access_0.5_Resistance_18_Dosage_4","half_life",0.192115901970983,"First",0.197812233055064,0.185945647294194,10,18,0.5,4,"sesonality2",0.998803876233387
"Spread_sesonality2_EIR_10_Access_0.5_Resistance_18_Dosage_4","MKR",0.00753238203655435,"First",0.0141516911563162,0.000898025465332086,10,18,0.5,4,"sesonality2",0.998803876233387
"Spread_sesonality2_EIR_10_Access_0.5_Resistance_18_Dosage_4","Diagnostic",0.00678632998984356,"First",0.0133748004832784,0.000293390128950166,10,18,0.5,4,"sesonality2",0.998803876233387
"Spread_sesonality2_EIR_10_Access_0.5_Resistance_18_Dosage_4","Fitness",0.786860891512699,"Total",0.792536194652679,0.781154572442681,10,18,0.5,4,"sesonality2",0
"Spread_sesonality2_EIR_10_Access_0.5_Resistance_18_Dosage_4","IC50_S",0.00657765167225772,"Total",0.0066534289464638,0.00649994811702449,10,18,0.5,4,"sesonality2",0
"Spread_sesonality2_EIR_10_Access_0.5_Resistance_18_Dosage_4","half_life",0.200374599217581,"Total",0.202082563110967,0.198686734706523,10,18,0.5,4,"sesonality2",0
"Spread_sesonality2_EIR_10_Access_0.5_Resistance_18_Dosage_4","MKR",0.0136549890037098,"Total",0.0138163051473973,0.0134880433973604,10,18,0.5,4,"sesonality2",0
"Spread_sesonality2_EIR_10_Access_0.5_Resistance_18_Dosage_4","Diagnostic",0.00618987233511518,"Total",0.00627253334869914,0.00610463140856224,10,18,0.5,4,"sesonality2",0
"Spread_sesonality2_EIR_500_Access_0.5_Resistance_18_Dosage_4","Fitness",0.724445093044172,"First",0.720436712582525,0.715892377472456,500,18,0.5,4,"sesonality2",0.991359095047647
"Spread_sesonality2_EIR_500_Access_0.5_Resistance_18_Dosage_4","IC50_S",0.00439276036469994,"First",0.0108154804157263,-0.00194390789160109,500,18,0.5,4,"sesonality2",0.991359095047647
"Spread_sesonality2_EIR_500_Access_0.5_Resistance_18_Dosage_4","half_life",0.261100442319301,"First",0.264233131588124,0.253364119293774,500,18,0.5,4,"sesonality2",0.991359095047647
"Spread_sesonality2_EIR_500_Access_0.5_Resistance_18_Dosage_4","MKR",0.0087393540189,"First",0.0151112567887829,0.00224350564210956,500,18,0.5,4,"sesonality2",0.991359095047647
"Spread_sesonality2_EIR_500_Access_0.5_Resistance_18_Dosage_4","Diagnostic",0.00132235025292647,"First",0.00775571582913089,-0.00509782732623672,500,18,0.5,4,"sesonality2",0.991359095047647
"Spread_sesonality2_EIR_500_Access_0.5_Resistance_18_Dosage_4","Fitness",0.721307632832231,"Total",0.726601089623096,0.71597049600669,500,18,0.5,4,"sesonality2",0
"Spread_sesonality2_EIR_500_Access_0.5_Resistance_18_Dosage_4","IC50_S",0.00617706756308503,"Total",0.0062464445131212,0.00610624428925654,500,18,0.5,4,"sesonality2",0
"Spread_sesonality2_EIR_500_Access_0.5_Resistance_18_Dosage_4","half_life",0.264726359820061,"Total",0.266895806884309,0.262541581384482,500,18,0.5,4,"sesonality2",0
"Spread_sesonality2_EIR_500_Access_0.5_Resistance_18_Dosage_4","MKR",0.0150904584347769,"Total",0.0152467531573238,0.0149354126422051,500,18,0.5,4,"sesonality2",0
"Spread_sesonality2_EIR_500_Access_0.5_Resistance_18_Dosage_4","Diagnostic",0.00526352234432247,"Total",0.00532521303496242,0.0052003422193453,500,18,0.5,4,"sesonality2",0
